run_id,status,stage_id,model_id,arm_id,narrative_id,environment_seed,scientific_eligible,artifact_kind,metric_path,metric_value_json
finevo-pilot-v2.10.1--parent-import--qref_scripted--parent-import--none--provider-preflight-default--s2010922376,complete,parent-import,qref_scripted,parent-import,none,2010922376,False,terminal-summary,,null
finevo-pilot-v2.10.1--q-ref-resolution--qref_scripted--qref-scripted--none--provider-preflight-default--s2010922376,complete,q-ref-resolution,qref_scripted,qref-scripted,none,2010922376,False,terminal-summary,metrics.q_ref,63.50397933257746
finevo-pilot-v2.10.1--stage0-calibration--llama33_local_controlled--stage0-no-memory-no-context--none--center--s1942013315,complete,stage0-calibration,llama33_local_controlled,stage0-no-memory-no-context,none,1942013315,True,imported-stage0-run-envelope,metrics.actions.ceiling_labor_rate,0.0
finevo-pilot-v2.10.1--stage0-calibration--llama33_local_controlled--stage0-no-memory-no-context--none--center--s1942013315,complete,stage0-calibration,llama33_local_controlled,stage0-no-memory-no-context,none,1942013315,True,imported-stage0-run-envelope,metrics.actions.clipping_count,0
finevo-pilot-v2.10.1--stage0-calibration--llama33_local_controlled--stage0-no-memory-no-context--none--center--s1942013315,complete,stage0-calibration,llama33_local_controlled,stage0-no-memory-no-context,none,1942013315,True,imported-stage0-run-envelope,metrics.actions.clipping_rate,0.0
finevo-pilot-v2.10.1--stage0-calibration--llama33_local_controlled--stage0-no-memory-no-context--none--center--s1942013315,complete,stage0-calibration,llama33_local_controlled,stage0-no-memory-no-context,none,1942013315,True,imported-stage0-run-envelope,metrics.actions.consumption_rate_counts.0.4,1
finevo-pilot-v2.10.1--stage0-calibration--llama33_local_controlled--stage0-no-memory-no-context--none--center--s1942013315,complete,stage0-calibration,llama33_local_controlled,stage0-no-memory-no-context,none,1942013315,True,imported-stage0-run-envelope,metrics.actions.consumption_rate_counts.0.5,8
finevo-pilot-v2.10.1--stage0-calibration--llama33_local_controlled--stage0-no-memory-no-context--none--center--s1942013315,complete,stage0-calibration,llama33_local_controlled,stage0-no-memory-no-context,none,1942013315,True,imported-stage0-run-envelope,metrics.actions.consumption_rate_counts.0.6,4
finevo-pilot-v2.10.1--stage0-calibration--llama33_local_controlled--stage0-no-memory-no-context--none--center--s1942013315,complete,stage0-calibration,llama33_local_controlled,stage0-no-memory-no-context,none,1942013315,True,imported-stage0-run-envelope,metrics.actions.consumption_rate_counts.0.7,34
finevo-pilot-v2.10.1--stage0-calibration--llama33_local_controlled--stage0-no-memory-no-context--none--center--s1942013315,complete,stage0-calibration,llama33_local_controlled,stage0-no-memory-no-context,none,1942013315,True,imported-stage0-run-envelope,metrics.actions.consumption_rate_counts.0.8,1
finevo-pilot-v2.10.1--stage0-calibration--llama33_local_controlled--stage0-no-memory-no-context--none--center--s1942013315,complete,stage0-calibration,llama33_local_controlled,stage0-no-memory-no-context,none,1942013315,True,imported-stage0-run-envelope,metrics.actions.interior_consumption_rate,1.0
finevo-pilot-v2.10.1--stage0-calibration--llama33_local_controlled--stage0-no-memory-no-context--none--center--s1942013315,complete,stage0-calibration,llama33_local_controlled,stage0-no-memory-no-context,none,1942013315,True,imported-stage0-run-envelope,metrics.actions.interior_labor_rate,1.0
finevo-pilot-v2.10.1--stage0-calibration--llama33_local_controlled--stage0-no-memory-no-context--none--center--s1942013315,complete,stage0-calibration,llama33_local_controlled,stage0-no-memory-no-context,none,1942013315,True,imported-stage0-run-envelope,metrics.actions.labor_hours_counts.104,11
finevo-pilot-v2.10.1--stage0-calibration--llama33_local_controlled--stage0-no-memory-no-context--none--center--s1942013315,complete,stage0-calibration,llama33_local_controlled,stage0-no-memory-no-context,none,1942013315,True,imported-stage0-run-envelope,metrics.actions.labor_hours_counts.136,36
finevo-pilot-v2.10.1--stage0-calibration--llama33_local_controlled--stage0-no-memory-no-context--none--center--s1942013315,complete,stage0-calibration,llama33_local_controlled,stage0-no-memory-no-context,none,1942013315,True,imported-stage0-run-envelope,metrics.actions.labor_hours_counts.88,1
finevo-pilot-v2.10.1--stage0-calibration--llama33_local_controlled--stage0-no-memory-no-context--none--center--s1942013315,complete,stage0-calibration,llama33_local_controlled,stage0-no-memory-no-context,none,1942013315,True,imported-stage0-run-envelope,metrics.actions.zero_labor_rate,0.0
finevo-pilot-v2.10.1--stage0-calibration--llama33_local_controlled--stage0-no-memory-no-context--none--center--s1942013315,complete,stage0-calibration,llama33_local_controlled,stage0-no-memory-no-context,none,1942013315,True,imported-stage0-run-envelope,metrics.analysis_scope,"""stage0-baseline-calibration"""
finevo-pilot-v2.10.1--stage0-calibration--llama33_local_controlled--stage0-no-memory-no-context--none--center--s1942013315,complete,stage0-calibration,llama33_local_controlled,stage0-no-memory-no-context,none,1942013315,True,imported-stage0-run-envelope,metrics.guardrails.max_abs_budget_residual,1.4551915228366852e-11
finevo-pilot-v2.10.1--stage0-calibration--llama33_local_controlled--stage0-no-memory-no-context--none--center--s1942013315,complete,stage0-calibration,llama33_local_controlled,stage0-no-memory-no-context,none,1942013315,True,imported-stage0-run-envelope,metrics.guardrails.median_labor_disutility_to_consumption_utility,0.5612146612105846
finevo-pilot-v2.10.1--stage0-calibration--llama33_local_controlled--stage0-no-memory-no-context--none--center--s1942013315,complete,stage0-calibration,llama33_local_controlled,stage0-no-memory-no-context,none,1942013315,True,imported-stage0-run-envelope,metrics.guardrails.provider_failure_count,0
finevo-pilot-v2.10.1--stage0-calibration--llama33_local_controlled--stage0-no-memory-no-context--none--center--s1942013315,complete,stage0-calibration,llama33_local_controlled,stage0-no-memory-no-context,none,1942013315,True,imported-stage0-run-envelope,metrics.row_counts.actions,48
finevo-pilot-v2.10.1--stage0-calibration--llama33_local_controlled--stage0-no-memory-no-context--none--center--s1942013315,complete,stage0-calibration,llama33_local_controlled,stage0-no-memory-no-context,none,1942013315,True,imported-stage0-run-envelope,metrics.row_counts.errors,0
finevo-pilot-v2.10.1--stage0-calibration--llama33_local_controlled--stage0-no-memory-no-context--none--center--s1942013315,complete,stage0-calibration,llama33_local_controlled,stage0-no-memory-no-context,none,1942013315,True,imported-stage0-run-envelope,metrics.row_counts.utility,48
finevo-pilot-v2.10.1--stage0-calibration--llama33_local_controlled--stage0-no-memory-no-context--none--center--s1942013315,complete,stage0-calibration,llama33_local_controlled,stage0-no-memory-no-context,none,1942013315,True,imported-stage0-run-envelope,metrics.schema_version,"""finevo-pilot-stage0-analysis-v1"""
finevo-pilot-v2.10.1--stage0-calibration--llama33_local_controlled--stage0-no-memory-no-context--none--center--s760687867,complete,stage0-calibration,llama33_local_controlled,stage0-no-memory-no-context,none,760687867,True,imported-stage0-run-envelope,metrics.actions.ceiling_labor_rate,0.0
finevo-pilot-v2.10.1--stage0-calibration--llama33_local_controlled--stage0-no-memory-no-context--none--center--s760687867,complete,stage0-calibration,llama33_local_controlled,stage0-no-memory-no-context,none,760687867,True,imported-stage0-run-envelope,metrics.actions.clipping_count,0
finevo-pilot-v2.10.1--stage0-calibration--llama33_local_controlled--stage0-no-memory-no-context--none--center--s760687867,complete,stage0-calibration,llama33_local_controlled,stage0-no-memory-no-context,none,760687867,True,imported-stage0-run-envelope,metrics.actions.clipping_rate,0.0
finevo-pilot-v2.10.1--stage0-calibration--llama33_local_controlled--stage0-no-memory-no-context--none--center--s760687867,complete,stage0-calibration,llama33_local_controlled,stage0-no-memory-no-context,none,760687867,True,imported-stage0-run-envelope,metrics.actions.consumption_rate_counts.0.5,3
finevo-pilot-v2.10.1--stage0-calibration--llama33_local_controlled--stage0-no-memory-no-context--none--center--s760687867,complete,stage0-calibration,llama33_local_controlled,stage0-no-memory-no-context,none,760687867,True,imported-stage0-run-envelope,metrics.actions.consumption_rate_counts.0.6,4
finevo-pilot-v2.10.1--stage0-calibration--llama33_local_controlled--stage0-no-memory-no-context--none--center--s760687867,complete,stage0-calibration,llama33_local_controlled,stage0-no-memory-no-context,none,760687867,True,imported-stage0-run-envelope,metrics.actions.consumption_rate_counts.0.7,39
finevo-pilot-v2.10.1--stage0-calibration--llama33_local_controlled--stage0-no-memory-no-context--none--center--s760687867,complete,stage0-calibration,llama33_local_controlled,stage0-no-memory-no-context,none,760687867,True,imported-stage0-run-envelope,metrics.actions.consumption_rate_counts.0.8,2
finevo-pilot-v2.10.1--stage0-calibration--llama33_local_controlled--stage0-no-memory-no-context--none--center--s760687867,complete,stage0-calibration,llama33_local_controlled,stage0-no-memory-no-context,none,760687867,True,imported-stage0-run-envelope,metrics.actions.interior_consumption_rate,1.0
finevo-pilot-v2.10.1--stage0-calibration--llama33_local_controlled--stage0-no-memory-no-context--none--center--s760687867,complete,stage0-calibration,llama33_local_controlled,stage0-no-memory-no-context,none,760687867,True,imported-stage0-run-envelope,metrics.actions.interior_labor_rate,1.0
finevo-pilot-v2.10.1--stage0-calibration--llama33_local_controlled--stage0-no-memory-no-context--none--center--s760687867,complete,stage0-calibration,llama33_local_controlled,stage0-no-memory-no-context,none,760687867,True,imported-stage0-run-envelope,metrics.actions.labor_hours_counts.104,22
finevo-pilot-v2.10.1--stage0-calibration--llama33_local_controlled--stage0-no-memory-no-context--none--center--s760687867,complete,stage0-calibration,llama33_local_controlled,stage0-no-memory-no-context,none,760687867,True,imported-stage0-run-envelope,metrics.actions.labor_hours_counts.136,24
finevo-pilot-v2.10.1--stage0-calibration--llama33_local_controlled--stage0-no-memory-no-context--none--center--s760687867,complete,stage0-calibration,llama33_local_controlled,stage0-no-memory-no-context,none,760687867,True,imported-stage0-run-envelope,metrics.actions.labor_hours_counts.88,2
finevo-pilot-v2.10.1--stage0-calibration--llama33_local_controlled--stage0-no-memory-no-context--none--center--s760687867,complete,stage0-calibration,llama33_local_controlled,stage0-no-memory-no-context,none,760687867,True,imported-stage0-run-envelope,metrics.actions.zero_labor_rate,0.0
finevo-pilot-v2.10.1--stage0-calibration--llama33_local_controlled--stage0-no-memory-no-context--none--center--s760687867,complete,stage0-calibration,llama33_local_controlled,stage0-no-memory-no-context,none,760687867,True,imported-stage0-run-envelope,metrics.analysis_scope,"""stage0-baseline-calibration"""
finevo-pilot-v2.10.1--stage0-calibration--llama33_local_controlled--stage0-no-memory-no-context--none--center--s760687867,complete,stage0-calibration,llama33_local_controlled,stage0-no-memory-no-context,none,760687867,True,imported-stage0-run-envelope,metrics.guardrails.max_abs_budget_residual,1.4551915228366852e-11
finevo-pilot-v2.10.1--stage0-calibration--llama33_local_controlled--stage0-no-memory-no-context--none--center--s760687867,complete,stage0-calibration,llama33_local_controlled,stage0-no-memory-no-context,none,760687867,True,imported-stage0-run-envelope,metrics.guardrails.median_labor_disutility_to_consumption_utility,0.6253836147220707
finevo-pilot-v2.10.1--stage0-calibration--llama33_local_controlled--stage0-no-memory-no-context--none--center--s760687867,complete,stage0-calibration,llama33_local_controlled,stage0-no-memory-no-context,none,760687867,True,imported-stage0-run-envelope,metrics.guardrails.provider_failure_count,0
finevo-pilot-v2.10.1--stage0-calibration--llama33_local_controlled--stage0-no-memory-no-context--none--center--s760687867,complete,stage0-calibration,llama33_local_controlled,stage0-no-memory-no-context,none,760687867,True,imported-stage0-run-envelope,metrics.row_counts.actions,48
finevo-pilot-v2.10.1--stage0-calibration--llama33_local_controlled--stage0-no-memory-no-context--none--center--s760687867,complete,stage0-calibration,llama33_local_controlled,stage0-no-memory-no-context,none,760687867,True,imported-stage0-run-envelope,metrics.row_counts.errors,0
finevo-pilot-v2.10.1--stage0-calibration--llama33_local_controlled--stage0-no-memory-no-context--none--center--s760687867,complete,stage0-calibration,llama33_local_controlled,stage0-no-memory-no-context,none,760687867,True,imported-stage0-run-envelope,metrics.row_counts.utility,48
finevo-pilot-v2.10.1--stage0-calibration--llama33_local_controlled--stage0-no-memory-no-context--none--center--s760687867,complete,stage0-calibration,llama33_local_controlled,stage0-no-memory-no-context,none,760687867,True,imported-stage0-run-envelope,metrics.schema_version,"""finevo-pilot-stage0-analysis-v1"""
finevo-pilot-v2.10.1--stage0-calibration--llama33_local_controlled--stage0-no-memory-no-context--none--psi-1--s1942013315,complete,stage0-calibration,llama33_local_controlled,stage0-no-memory-no-context,none,1942013315,True,imported-stage0-run-envelope,metrics.actions.ceiling_labor_rate,0.0
finevo-pilot-v2.10.1--stage0-calibration--llama33_local_controlled--stage0-no-memory-no-context--none--psi-1--s1942013315,complete,stage0-calibration,llama33_local_controlled,stage0-no-memory-no-context,none,1942013315,True,imported-stage0-run-envelope,metrics.actions.clipping_count,0
finevo-pilot-v2.10.1--stage0-calibration--llama33_local_controlled--stage0-no-memory-no-context--none--psi-1--s1942013315,complete,stage0-calibration,llama33_local_controlled,stage0-no-memory-no-context,none,1942013315,True,imported-stage0-run-envelope,metrics.actions.clipping_rate,0.0
finevo-pilot-v2.10.1--stage0-calibration--llama33_local_controlled--stage0-no-memory-no-context--none--psi-1--s1942013315,complete,stage0-calibration,llama33_local_controlled,stage0-no-memory-no-context,none,1942013315,True,imported-stage0-run-envelope,metrics.actions.consumption_rate_counts.0.4,1
finevo-pilot-v2.10.1--stage0-calibration--llama33_local_controlled--stage0-no-memory-no-context--none--psi-1--s1942013315,complete,stage0-calibration,llama33_local_controlled,stage0-no-memory-no-context,none,1942013315,True,imported-stage0-run-envelope,metrics.actions.consumption_rate_counts.0.5,8
finevo-pilot-v2.10.1--stage0-calibration--llama33_local_controlled--stage0-no-memory-no-context--none--psi-1--s1942013315,complete,stage0-calibration,llama33_local_controlled,stage0-no-memory-no-context,none,1942013315,True,imported-stage0-run-envelope,metrics.actions.consumption_rate_counts.0.6,4
finevo-pilot-v2.10.1--stage0-calibration--llama33_local_controlled--stage0-no-memory-no-context--none--psi-1--s1942013315,complete,stage0-calibration,llama33_local_controlled,stage0-no-memory-no-context,none,1942013315,True,imported-stage0-run-envelope,metrics.actions.consumption_rate_counts.0.7,34
finevo-pilot-v2.10.1--stage0-calibration--llama33_local_controlled--stage0-no-memory-no-context--none--psi-1--s1942013315,complete,stage0-calibration,llama33_local_controlled,stage0-no-memory-no-context,none,1942013315,True,imported-stage0-run-envelope,metrics.actions.consumption_rate_counts.0.8,1
finevo-pilot-v2.10.1--stage0-calibration--llama33_local_controlled--stage0-no-memory-no-context--none--psi-1--s1942013315,complete,stage0-calibration,llama33_local_controlled,stage0-no-memory-no-context,none,1942013315,True,imported-stage0-run-envelope,metrics.actions.interior_consumption_rate,1.0
finevo-pilot-v2.10.1--stage0-calibration--llama33_local_controlled--stage0-no-memory-no-context--none--psi-1--s1942013315,complete,stage0-calibration,llama33_local_controlled,stage0-no-memory-no-context,none,1942013315,True,imported-stage0-run-envelope,metrics.actions.interior_labor_rate,1.0
finevo-pilot-v2.10.1--stage0-calibration--llama33_local_controlled--stage0-no-memory-no-context--none--psi-1--s1942013315,complete,stage0-calibration,llama33_local_controlled,stage0-no-memory-no-context,none,1942013315,True,imported-stage0-run-envelope,metrics.actions.labor_hours_counts.104,11
finevo-pilot-v2.10.1--stage0-calibration--llama33_local_controlled--stage0-no-memory-no-context--none--psi-1--s1942013315,complete,stage0-calibration,llama33_local_controlled,stage0-no-memory-no-context,none,1942013315,True,imported-stage0-run-envelope,metrics.actions.labor_hours_counts.136,36
finevo-pilot-v2.10.1--stage0-calibration--llama33_local_controlled--stage0-no-memory-no-context--none--psi-1--s1942013315,complete,stage0-calibration,llama33_local_controlled,stage0-no-memory-no-context,none,1942013315,True,imported-stage0-run-envelope,metrics.actions.labor_hours_counts.88,1
finevo-pilot-v2.10.1--stage0-calibration--llama33_local_controlled--stage0-no-memory-no-context--none--psi-1--s1942013315,complete,stage0-calibration,llama33_local_controlled,stage0-no-memory-no-context,none,1942013315,True,imported-stage0-run-envelope,metrics.actions.zero_labor_rate,0.0
finevo-pilot-v2.10.1--stage0-calibration--llama33_local_controlled--stage0-no-memory-no-context--none--psi-1--s1942013315,complete,stage0-calibration,llama33_local_controlled,stage0-no-memory-no-context,none,1942013315,True,imported-stage0-run-envelope,metrics.analysis_scope,"""stage0-baseline-calibration"""
finevo-pilot-v2.10.1--stage0-calibration--llama33_local_controlled--stage0-no-memory-no-context--none--psi-1--s1942013315,complete,stage0-calibration,llama33_local_controlled,stage0-no-memory-no-context,none,1942013315,True,imported-stage0-run-envelope,metrics.guardrails.max_abs_budget_residual,1.4551915228366852e-11
finevo-pilot-v2.10.1--stage0-calibration--llama33_local_controlled--stage0-no-memory-no-context--none--psi-1--s1942013315,complete,stage0-calibration,llama33_local_controlled,stage0-no-memory-no-context,none,1942013315,True,imported-stage0-run-envelope,metrics.guardrails.median_labor_disutility_to_consumption_utility,0.2806073306052923
finevo-pilot-v2.10.1--stage0-calibration--llama33_local_controlled--stage0-no-memory-no-context--none--psi-1--s1942013315,complete,stage0-calibration,llama33_local_controlled,stage0-no-memory-no-context,none,1942013315,True,imported-stage0-run-envelope,metrics.guardrails.provider_failure_count,0
finevo-pilot-v2.10.1--stage0-calibration--llama33_local_controlled--stage0-no-memory-no-context--none--psi-1--s1942013315,complete,stage0-calibration,llama33_local_controlled,stage0-no-memory-no-context,none,1942013315,True,imported-stage0-run-envelope,metrics.row_counts.actions,48
finevo-pilot-v2.10.1--stage0-calibration--llama33_local_controlled--stage0-no-memory-no-context--none--psi-1--s1942013315,complete,stage0-calibration,llama33_local_controlled,stage0-no-memory-no-context,none,1942013315,True,imported-stage0-run-envelope,metrics.row_counts.errors,0
finevo-pilot-v2.10.1--stage0-calibration--llama33_local_controlled--stage0-no-memory-no-context--none--psi-1--s1942013315,complete,stage0-calibration,llama33_local_controlled,stage0-no-memory-no-context,none,1942013315,True,imported-stage0-run-envelope,metrics.row_counts.utility,48
finevo-pilot-v2.10.1--stage0-calibration--llama33_local_controlled--stage0-no-memory-no-context--none--psi-1--s1942013315,complete,stage0-calibration,llama33_local_controlled,stage0-no-memory-no-context,none,1942013315,True,imported-stage0-run-envelope,metrics.schema_version,"""finevo-pilot-stage0-analysis-v1"""
finevo-pilot-v2.10.1--stage0-calibration--llama33_local_controlled--stage0-no-memory-no-context--none--psi-1--s760687867,complete,stage0-calibration,llama33_local_controlled,stage0-no-memory-no-context,none,760687867,True,imported-stage0-run-envelope,metrics.actions.ceiling_labor_rate,0.0
finevo-pilot-v2.10.1--stage0-calibration--llama33_local_controlled--stage0-no-memory-no-context--none--psi-1--s760687867,complete,stage0-calibration,llama33_local_controlled,stage0-no-memory-no-context,none,760687867,True,imported-stage0-run-envelope,metrics.actions.clipping_count,0
finevo-pilot-v2.10.1--stage0-calibration--llama33_local_controlled--stage0-no-memory-no-context--none--psi-1--s760687867,complete,stage0-calibration,llama33_local_controlled,stage0-no-memory-no-context,none,760687867,True,imported-stage0-run-envelope,metrics.actions.clipping_rate,0.0
finevo-pilot-v2.10.1--stage0-calibration--llama33_local_controlled--stage0-no-memory-no-context--none--psi-1--s760687867,complete,stage0-calibration,llama33_local_controlled,stage0-no-memory-no-context,none,760687867,True,imported-stage0-run-envelope,metrics.actions.consumption_rate_counts.0.5,4
finevo-pilot-v2.10.1--stage0-calibration--llama33_local_controlled--stage0-no-memory-no-context--none--psi-1--s760687867,complete,stage0-calibration,llama33_local_controlled,stage0-no-memory-no-context,none,760687867,True,imported-stage0-run-envelope,metrics.actions.consumption_rate_counts.0.6,1
finevo-pilot-v2.10.1--stage0-calibration--llama33_local_controlled--stage0-no-memory-no-context--none--psi-1--s760687867,complete,stage0-calibration,llama33_local_controlled,stage0-no-memory-no-context,none,760687867,True,imported-stage0-run-envelope,metrics.actions.consumption_rate_counts.0.7,41
finevo-pilot-v2.10.1--stage0-calibration--llama33_local_controlled--stage0-no-memory-no-context--none--psi-1--s760687867,complete,stage0-calibration,llama33_local_controlled,stage0-no-memory-no-context,none,760687867,True,imported-stage0-run-envelope,metrics.actions.consumption_rate_counts.0.8,2
finevo-pilot-v2.10.1--stage0-calibration--llama33_local_controlled--stage0-no-memory-no-context--none--psi-1--s760687867,complete,stage0-calibration,llama33_local_controlled,stage0-no-memory-no-context,none,760687867,True,imported-stage0-run-envelope,metrics.actions.interior_consumption_rate,1.0
finevo-pilot-v2.10.1--stage0-calibration--llama33_local_controlled--stage0-no-memory-no-context--none--psi-1--s760687867,complete,stage0-calibration,llama33_local_controlled,stage0-no-memory-no-context,none,760687867,True,imported-stage0-run-envelope,metrics.actions.interior_labor_rate,1.0
finevo-pilot-v2.10.1--stage0-calibration--llama33_local_controlled--stage0-no-memory-no-context--none--psi-1--s760687867,complete,stage0-calibration,llama33_local_controlled,stage0-no-memory-no-context,none,760687867,True,imported-stage0-run-envelope,metrics.actions.labor_hours_counts.104,22
finevo-pilot-v2.10.1--stage0-calibration--llama33_local_controlled--stage0-no-memory-no-context--none--psi-1--s760687867,complete,stage0-calibration,llama33_local_controlled,stage0-no-memory-no-context,none,760687867,True,imported-stage0-run-envelope,metrics.actions.labor_hours_counts.136,24
finevo-pilot-v2.10.1--stage0-calibration--llama33_local_controlled--stage0-no-memory-no-context--none--psi-1--s760687867,complete,stage0-calibration,llama33_local_controlled,stage0-no-memory-no-context,none,760687867,True,imported-stage0-run-envelope,metrics.actions.labor_hours_counts.88,2
finevo-pilot-v2.10.1--stage0-calibration--llama33_local_controlled--stage0-no-memory-no-context--none--psi-1--s760687867,complete,stage0-calibration,llama33_local_controlled,stage0-no-memory-no-context,none,760687867,True,imported-stage0-run-envelope,metrics.actions.zero_labor_rate,0.0
finevo-pilot-v2.10.1--stage0-calibration--llama33_local_controlled--stage0-no-memory-no-context--none--psi-1--s760687867,complete,stage0-calibration,llama33_local_controlled,stage0-no-memory-no-context,none,760687867,True,imported-stage0-run-envelope,metrics.analysis_scope,"""stage0-baseline-calibration"""
finevo-pilot-v2.10.1--stage0-calibration--llama33_local_controlled--stage0-no-memory-no-context--none--psi-1--s760687867,complete,stage0-calibration,llama33_local_controlled,stage0-no-memory-no-context,none,760687867,True,imported-stage0-run-envelope,metrics.guardrails.max_abs_budget_residual,2.9103830456733704e-11
finevo-pilot-v2.10.1--stage0-calibration--llama33_local_controlled--stage0-no-memory-no-context--none--psi-1--s760687867,complete,stage0-calibration,llama33_local_controlled,stage0-no-memory-no-context,none,760687867,True,imported-stage0-run-envelope,metrics.guardrails.median_labor_disutility_to_consumption_utility,0.31286838293255437
finevo-pilot-v2.10.1--stage0-calibration--llama33_local_controlled--stage0-no-memory-no-context--none--psi-1--s760687867,complete,stage0-calibration,llama33_local_controlled,stage0-no-memory-no-context,none,760687867,True,imported-stage0-run-envelope,metrics.guardrails.provider_failure_count,0
finevo-pilot-v2.10.1--stage0-calibration--llama33_local_controlled--stage0-no-memory-no-context--none--psi-1--s760687867,complete,stage0-calibration,llama33_local_controlled,stage0-no-memory-no-context,none,760687867,True,imported-stage0-run-envelope,metrics.row_counts.actions,48
finevo-pilot-v2.10.1--stage0-calibration--llama33_local_controlled--stage0-no-memory-no-context--none--psi-1--s760687867,complete,stage0-calibration,llama33_local_controlled,stage0-no-memory-no-context,none,760687867,True,imported-stage0-run-envelope,metrics.row_counts.errors,0
finevo-pilot-v2.10.1--stage0-calibration--llama33_local_controlled--stage0-no-memory-no-context--none--psi-1--s760687867,complete,stage0-calibration,llama33_local_controlled,stage0-no-memory-no-context,none,760687867,True,imported-stage0-run-envelope,metrics.row_counts.utility,48
finevo-pilot-v2.10.1--stage0-calibration--llama33_local_controlled--stage0-no-memory-no-context--none--psi-1--s760687867,complete,stage0-calibration,llama33_local_controlled,stage0-no-memory-no-context,none,760687867,True,imported-stage0-run-envelope,metrics.schema_version,"""finevo-pilot-stage0-analysis-v1"""
finevo-pilot-v2.10.1--stage0-calibration--llama33_local_controlled--stage0-no-memory-no-context--none--psi-4--s1942013315,complete,stage0-calibration,llama33_local_controlled,stage0-no-memory-no-context,none,1942013315,True,imported-stage0-run-envelope,metrics.actions.ceiling_labor_rate,0.0
finevo-pilot-v2.10.1--stage0-calibration--llama33_local_controlled--stage0-no-memory-no-context--none--psi-4--s1942013315,complete,stage0-calibration,llama33_local_controlled,stage0-no-memory-no-context,none,1942013315,True,imported-stage0-run-envelope,metrics.actions.clipping_count,0
finevo-pilot-v2.10.1--stage0-calibration--llama33_local_controlled--stage0-no-memory-no-context--none--psi-4--s1942013315,complete,stage0-calibration,llama33_local_controlled,stage0-no-memory-no-context,none,1942013315,True,imported-stage0-run-envelope,metrics.actions.clipping_rate,0.0
finevo-pilot-v2.10.1--stage0-calibration--llama33_local_controlled--stage0-no-memory-no-context--none--psi-4--s1942013315,complete,stage0-calibration,llama33_local_controlled,stage0-no-memory-no-context,none,1942013315,True,imported-stage0-run-envelope,metrics.actions.consumption_rate_counts.0.2,1
finevo-pilot-v2.10.1--stage0-calibration--llama33_local_controlled--stage0-no-memory-no-context--none--psi-4--s1942013315,complete,stage0-calibration,llama33_local_controlled,stage0-no-memory-no-context,none,1942013315,True,imported-stage0-run-envelope,metrics.actions.consumption_rate_counts.0.4,1
finevo-pilot-v2.10.1--stage0-calibration--llama33_local_controlled--stage0-no-memory-no-context--none--psi-4--s1942013315,complete,stage0-calibration,llama33_local_controlled,stage0-no-memory-no-context,none,1942013315,True,imported-stage0-run-envelope,metrics.actions.consumption_rate_counts.0.5,4
finevo-pilot-v2.10.1--stage0-calibration--llama33_local_controlled--stage0-no-memory-no-context--none--psi-4--s1942013315,complete,stage0-calibration,llama33_local_controlled,stage0-no-memory-no-context,none,1942013315,True,imported-stage0-run-envelope,metrics.actions.consumption_rate_counts.0.6,2
finevo-pilot-v2.10.1--stage0-calibration--llama33_local_controlled--stage0-no-memory-no-context--none--psi-4--s1942013315,complete,stage0-calibration,llama33_local_controlled,stage0-no-memory-no-context,none,1942013315,True,imported-stage0-run-envelope,metrics.actions.consumption_rate_counts.0.7,39
finevo-pilot-v2.10.1--stage0-calibration--llama33_local_controlled--stage0-no-memory-no-context--none--psi-4--s1942013315,complete,stage0-calibration,llama33_local_controlled,stage0-no-memory-no-context,none,1942013315,True,imported-stage0-run-envelope,metrics.actions.consumption_rate_counts.0.8,1
finevo-pilot-v2.10.1--stage0-calibration--llama33_local_controlled--stage0-no-memory-no-context--none--psi-4--s1942013315,complete,stage0-calibration,llama33_local_controlled,stage0-no-memory-no-context,none,1942013315,True,imported-stage0-run-envelope,metrics.actions.interior_consumption_rate,1.0
finevo-pilot-v2.10.1--stage0-calibration--llama33_local_controlled--stage0-no-memory-no-context--none--psi-4--s1942013315,complete,stage0-calibration,llama33_local_controlled,stage0-no-memory-no-context,none,1942013315,True,imported-stage0-run-envelope,metrics.actions.interior_labor_rate,1.0
finevo-pilot-v2.10.1--stage0-calibration--llama33_local_controlled--stage0-no-memory-no-context--none--psi-4--s1942013315,complete,stage0-calibration,llama33_local_controlled,stage0-no-memory-no-context,none,1942013315,True,imported-stage0-run-envelope,metrics.actions.labor_hours_counts.104,11
finevo-pilot-v2.10.1--stage0-calibration--llama33_local_controlled--stage0-no-memory-no-context--none--psi-4--s1942013315,complete,stage0-calibration,llama33_local_controlled,stage0-no-memory-no-context,none,1942013315,True,imported-stage0-run-envelope,metrics.actions.labor_hours_counts.136,36
finevo-pilot-v2.10.1--stage0-calibration--llama33_local_controlled--stage0-no-memory-no-context--none--psi-4--s1942013315,complete,stage0-calibration,llama33_local_controlled,stage0-no-memory-no-context,none,1942013315,True,imported-stage0-run-envelope,metrics.actions.labor_hours_counts.88,1
finevo-pilot-v2.10.1--stage0-calibration--llama33_local_controlled--stage0-no-memory-no-context--none--psi-4--s1942013315,complete,stage0-calibration,llama33_local_controlled,stage0-no-memory-no-context,none,1942013315,True,imported-stage0-run-envelope,metrics.actions.zero_labor_rate,0.0
finevo-pilot-v2.10.1--stage0-calibration--llama33_local_controlled--stage0-no-memory-no-context--none--psi-4--s1942013315,complete,stage0-calibration,llama33_local_controlled,stage0-no-memory-no-context,none,1942013315,True,imported-stage0-run-envelope,metrics.analysis_scope,"""stage0-baseline-calibration"""
finevo-pilot-v2.10.1--stage0-calibration--llama33_local_controlled--stage0-no-memory-no-context--none--psi-4--s1942013315,complete,stage0-calibration,llama33_local_controlled,stage0-no-memory-no-context,none,1942013315,True,imported-stage0-run-envelope,metrics.guardrails.max_abs_budget_residual,2.9103830456733704e-11
finevo-pilot-v2.10.1--stage0-calibration--llama33_local_controlled--stage0-no-memory-no-context--none--psi-4--s1942013315,complete,stage0-calibration,llama33_local_controlled,stage0-no-memory-no-context,none,1942013315,True,imported-stage0-run-envelope,metrics.guardrails.median_labor_disutility_to_consumption_utility,1.1337597577545715
finevo-pilot-v2.10.1--stage0-calibration--llama33_local_controlled--stage0-no-memory-no-context--none--psi-4--s1942013315,complete,stage0-calibration,llama33_local_controlled,stage0-no-memory-no-context,none,1942013315,True,imported-stage0-run-envelope,metrics.guardrails.provider_failure_count,0
finevo-pilot-v2.10.1--stage0-calibration--llama33_local_controlled--stage0-no-memory-no-context--none--psi-4--s1942013315,complete,stage0-calibration,llama33_local_controlled,stage0-no-memory-no-context,none,1942013315,True,imported-stage0-run-envelope,metrics.row_counts.actions,48
finevo-pilot-v2.10.1--stage0-calibration--llama33_local_controlled--stage0-no-memory-no-context--none--psi-4--s1942013315,complete,stage0-calibration,llama33_local_controlled,stage0-no-memory-no-context,none,1942013315,True,imported-stage0-run-envelope,metrics.row_counts.errors,0
finevo-pilot-v2.10.1--stage0-calibration--llama33_local_controlled--stage0-no-memory-no-context--none--psi-4--s1942013315,complete,stage0-calibration,llama33_local_controlled,stage0-no-memory-no-context,none,1942013315,True,imported-stage0-run-envelope,metrics.row_counts.utility,48
finevo-pilot-v2.10.1--stage0-calibration--llama33_local_controlled--stage0-no-memory-no-context--none--psi-4--s1942013315,complete,stage0-calibration,llama33_local_controlled,stage0-no-memory-no-context,none,1942013315,True,imported-stage0-run-envelope,metrics.schema_version,"""finevo-pilot-stage0-analysis-v1"""
finevo-pilot-v2.10.1--stage0-calibration--llama33_local_controlled--stage0-no-memory-no-context--none--psi-4--s760687867,complete,stage0-calibration,llama33_local_controlled,stage0-no-memory-no-context,none,760687867,True,imported-stage0-run-envelope,metrics.actions.ceiling_labor_rate,0.0
finevo-pilot-v2.10.1--stage0-calibration--llama33_local_controlled--stage0-no-memory-no-context--none--psi-4--s760687867,complete,stage0-calibration,llama33_local_controlled,stage0-no-memory-no-context,none,760687867,True,imported-stage0-run-envelope,metrics.actions.clipping_count,0
finevo-pilot-v2.10.1--stage0-calibration--llama33_local_controlled--stage0-no-memory-no-context--none--psi-4--s760687867,complete,stage0-calibration,llama33_local_controlled,stage0-no-memory-no-context,none,760687867,True,imported-stage0-run-envelope,metrics.actions.clipping_rate,0.0
finevo-pilot-v2.10.1--stage0-calibration--llama33_local_controlled--stage0-no-memory-no-context--none--psi-4--s760687867,complete,stage0-calibration,llama33_local_controlled,stage0-no-memory-no-context,none,760687867,True,imported-stage0-run-envelope,metrics.actions.consumption_rate_counts.0.5,2
finevo-pilot-v2.10.1--stage0-calibration--llama33_local_controlled--stage0-no-memory-no-context--none--psi-4--s760687867,complete,stage0-calibration,llama33_local_controlled,stage0-no-memory-no-context,none,760687867,True,imported-stage0-run-envelope,metrics.actions.consumption_rate_counts.0.6,4
finevo-pilot-v2.10.1--stage0-calibration--llama33_local_controlled--stage0-no-memory-no-context--none--psi-4--s760687867,complete,stage0-calibration,llama33_local_controlled,stage0-no-memory-no-context,none,760687867,True,imported-stage0-run-envelope,metrics.actions.consumption_rate_counts.0.7,40
finevo-pilot-v2.10.1--stage0-calibration--llama33_local_controlled--stage0-no-memory-no-context--none--psi-4--s760687867,complete,stage0-calibration,llama33_local_controlled,stage0-no-memory-no-context,none,760687867,True,imported-stage0-run-envelope,metrics.actions.consumption_rate_counts.0.8,2
finevo-pilot-v2.10.1--stage0-calibration--llama33_local_controlled--stage0-no-memory-no-context--none--psi-4--s760687867,complete,stage0-calibration,llama33_local_controlled,stage0-no-memory-no-context,none,760687867,True,imported-stage0-run-envelope,metrics.actions.interior_consumption_rate,1.0
finevo-pilot-v2.10.1--stage0-calibration--llama33_local_controlled--stage0-no-memory-no-context--none--psi-4--s760687867,complete,stage0-calibration,llama33_local_controlled,stage0-no-memory-no-context,none,760687867,True,imported-stage0-run-envelope,metrics.actions.interior_labor_rate,1.0
finevo-pilot-v2.10.1--stage0-calibration--llama33_local_controlled--stage0-no-memory-no-context--none--psi-4--s760687867,complete,stage0-calibration,llama33_local_controlled,stage0-no-memory-no-context,none,760687867,True,imported-stage0-run-envelope,metrics.actions.labor_hours_counts.104,22
finevo-pilot-v2.10.1--stage0-calibration--llama33_local_controlled--stage0-no-memory-no-context--none--psi-4--s760687867,complete,stage0-calibration,llama33_local_controlled,stage0-no-memory-no-context,none,760687867,True,imported-stage0-run-envelope,metrics.actions.labor_hours_counts.136,24
finevo-pilot-v2.10.1--stage0-calibration--llama33_local_controlled--stage0-no-memory-no-context--none--psi-4--s760687867,complete,stage0-calibration,llama33_local_controlled,stage0-no-memory-no-context,none,760687867,True,imported-stage0-run-envelope,metrics.actions.labor_hours_counts.88,2
finevo-pilot-v2.10.1--stage0-calibration--llama33_local_controlled--stage0-no-memory-no-context--none--psi-4--s760687867,complete,stage0-calibration,llama33_local_controlled,stage0-no-memory-no-context,none,760687867,True,imported-stage0-run-envelope,metrics.actions.zero_labor_rate,0.0
finevo-pilot-v2.10.1--stage0-calibration--llama33_local_controlled--stage0-no-memory-no-context--none--psi-4--s760687867,complete,stage0-calibration,llama33_local_controlled,stage0-no-memory-no-context,none,760687867,True,imported-stage0-run-envelope,metrics.analysis_scope,"""stage0-baseline-calibration"""
finevo-pilot-v2.10.1--stage0-calibration--llama33_local_controlled--stage0-no-memory-no-context--none--psi-4--s760687867,complete,stage0-calibration,llama33_local_controlled,stage0-no-memory-no-context,none,760687867,True,imported-stage0-run-envelope,metrics.guardrails.max_abs_budget_residual,1.4551915228366852e-11
finevo-pilot-v2.10.1--stage0-calibration--llama33_local_controlled--stage0-no-memory-no-context--none--psi-4--s760687867,complete,stage0-calibration,llama33_local_controlled,stage0-no-memory-no-context,none,760687867,True,imported-stage0-run-envelope,metrics.guardrails.median_labor_disutility_to_consumption_utility,1.2391178566693757
finevo-pilot-v2.10.1--stage0-calibration--llama33_local_controlled--stage0-no-memory-no-context--none--psi-4--s760687867,complete,stage0-calibration,llama33_local_controlled,stage0-no-memory-no-context,none,760687867,True,imported-stage0-run-envelope,metrics.guardrails.provider_failure_count,0
finevo-pilot-v2.10.1--stage0-calibration--llama33_local_controlled--stage0-no-memory-no-context--none--psi-4--s760687867,complete,stage0-calibration,llama33_local_controlled,stage0-no-memory-no-context,none,760687867,True,imported-stage0-run-envelope,metrics.row_counts.actions,48
finevo-pilot-v2.10.1--stage0-calibration--llama33_local_controlled--stage0-no-memory-no-context--none--psi-4--s760687867,complete,stage0-calibration,llama33_local_controlled,stage0-no-memory-no-context,none,760687867,True,imported-stage0-run-envelope,metrics.row_counts.errors,0
finevo-pilot-v2.10.1--stage0-calibration--llama33_local_controlled--stage0-no-memory-no-context--none--psi-4--s760687867,complete,stage0-calibration,llama33_local_controlled,stage0-no-memory-no-context,none,760687867,True,imported-stage0-run-envelope,metrics.row_counts.utility,48
finevo-pilot-v2.10.1--stage0-calibration--llama33_local_controlled--stage0-no-memory-no-context--none--psi-4--s760687867,complete,stage0-calibration,llama33_local_controlled,stage0-no-memory-no-context,none,760687867,True,imported-stage0-run-envelope,metrics.schema_version,"""finevo-pilot-stage0-analysis-v1"""
finevo-pilot-v2.10.1--stage0-calibration--llama33_local_controlled--stage0-no-memory-no-context--none--nu-0.5--s1942013315,complete,stage0-calibration,llama33_local_controlled,stage0-no-memory-no-context,none,1942013315,True,imported-stage0-run-envelope,metrics.actions.ceiling_labor_rate,0.0
finevo-pilot-v2.10.1--stage0-calibration--llama33_local_controlled--stage0-no-memory-no-context--none--nu-0.5--s1942013315,complete,stage0-calibration,llama33_local_controlled,stage0-no-memory-no-context,none,1942013315,True,imported-stage0-run-envelope,metrics.actions.clipping_count,0
finevo-pilot-v2.10.1--stage0-calibration--llama33_local_controlled--stage0-no-memory-no-context--none--nu-0.5--s1942013315,complete,stage0-calibration,llama33_local_controlled,stage0-no-memory-no-context,none,1942013315,True,imported-stage0-run-envelope,metrics.actions.clipping_rate,0.0
finevo-pilot-v2.10.1--stage0-calibration--llama33_local_controlled--stage0-no-memory-no-context--none--nu-0.5--s1942013315,complete,stage0-calibration,llama33_local_controlled,stage0-no-memory-no-context,none,1942013315,True,imported-stage0-run-envelope,metrics.actions.consumption_rate_counts.0.5,5
finevo-pilot-v2.10.1--stage0-calibration--llama33_local_controlled--stage0-no-memory-no-context--none--nu-0.5--s1942013315,complete,stage0-calibration,llama33_local_controlled,stage0-no-memory-no-context,none,1942013315,True,imported-stage0-run-envelope,metrics.actions.consumption_rate_counts.0.6,16
finevo-pilot-v2.10.1--stage0-calibration--llama33_local_controlled--stage0-no-memory-no-context--none--nu-0.5--s1942013315,complete,stage0-calibration,llama33_local_controlled,stage0-no-memory-no-context,none,1942013315,True,imported-stage0-run-envelope,metrics.actions.consumption_rate_counts.0.7,27
finevo-pilot-v2.10.1--stage0-calibration--llama33_local_controlled--stage0-no-memory-no-context--none--nu-0.5--s1942013315,complete,stage0-calibration,llama33_local_controlled,stage0-no-memory-no-context,none,1942013315,True,imported-stage0-run-envelope,metrics.actions.interior_consumption_rate,1.0
finevo-pilot-v2.10.1--stage0-calibration--llama33_local_controlled--stage0-no-memory-no-context--none--nu-0.5--s1942013315,complete,stage0-calibration,llama33_local_controlled,stage0-no-memory-no-context,none,1942013315,True,imported-stage0-run-envelope,metrics.actions.interior_labor_rate,1.0
finevo-pilot-v2.10.1--stage0-calibration--llama33_local_controlled--stage0-no-memory-no-context--none--nu-0.5--s1942013315,complete,stage0-calibration,llama33_local_controlled,stage0-no-memory-no-context,none,1942013315,True,imported-stage0-run-envelope,metrics.actions.labor_hours_counts.136,48
finevo-pilot-v2.10.1--stage0-calibration--llama33_local_controlled--stage0-no-memory-no-context--none--nu-0.5--s1942013315,complete,stage0-calibration,llama33_local_controlled,stage0-no-memory-no-context,none,1942013315,True,imported-stage0-run-envelope,metrics.actions.zero_labor_rate,0.0
finevo-pilot-v2.10.1--stage0-calibration--llama33_local_controlled--stage0-no-memory-no-context--none--nu-0.5--s1942013315,complete,stage0-calibration,llama33_local_controlled,stage0-no-memory-no-context,none,1942013315,True,imported-stage0-run-envelope,metrics.analysis_scope,"""stage0-baseline-calibration"""
finevo-pilot-v2.10.1--stage0-calibration--llama33_local_controlled--stage0-no-memory-no-context--none--nu-0.5--s1942013315,complete,stage0-calibration,llama33_local_controlled,stage0-no-memory-no-context,none,1942013315,True,imported-stage0-run-envelope,metrics.guardrails.max_abs_budget_residual,2.9103830456733704e-11
finevo-pilot-v2.10.1--stage0-calibration--llama33_local_controlled--stage0-no-memory-no-context--none--nu-0.5--s1942013315,complete,stage0-calibration,llama33_local_controlled,stage0-no-memory-no-context,none,1942013315,True,imported-stage0-run-envelope,metrics.guardrails.median_labor_disutility_to_consumption_utility,0.9722385778138238
finevo-pilot-v2.10.1--stage0-calibration--llama33_local_controlled--stage0-no-memory-no-context--none--nu-0.5--s1942013315,complete,stage0-calibration,llama33_local_controlled,stage0-no-memory-no-context,none,1942013315,True,imported-stage0-run-envelope,metrics.guardrails.provider_failure_count,0
finevo-pilot-v2.10.1--stage0-calibration--llama33_local_controlled--stage0-no-memory-no-context--none--nu-0.5--s1942013315,complete,stage0-calibration,llama33_local_controlled,stage0-no-memory-no-context,none,1942013315,True,imported-stage0-run-envelope,metrics.row_counts.actions,48
finevo-pilot-v2.10.1--stage0-calibration--llama33_local_controlled--stage0-no-memory-no-context--none--nu-0.5--s1942013315,complete,stage0-calibration,llama33_local_controlled,stage0-no-memory-no-context,none,1942013315,True,imported-stage0-run-envelope,metrics.row_counts.errors,0
finevo-pilot-v2.10.1--stage0-calibration--llama33_local_controlled--stage0-no-memory-no-context--none--nu-0.5--s1942013315,complete,stage0-calibration,llama33_local_controlled,stage0-no-memory-no-context,none,1942013315,True,imported-stage0-run-envelope,metrics.row_counts.utility,48
finevo-pilot-v2.10.1--stage0-calibration--llama33_local_controlled--stage0-no-memory-no-context--none--nu-0.5--s1942013315,complete,stage0-calibration,llama33_local_controlled,stage0-no-memory-no-context,none,1942013315,True,imported-stage0-run-envelope,metrics.schema_version,"""finevo-pilot-stage0-analysis-v1"""
finevo-pilot-v2.10.1--stage0-calibration--llama33_local_controlled--stage0-no-memory-no-context--none--nu-0.5--s760687867,complete,stage0-calibration,llama33_local_controlled,stage0-no-memory-no-context,none,760687867,True,imported-stage0-run-envelope,metrics.actions.ceiling_labor_rate,0.0
finevo-pilot-v2.10.1--stage0-calibration--llama33_local_controlled--stage0-no-memory-no-context--none--nu-0.5--s760687867,complete,stage0-calibration,llama33_local_controlled,stage0-no-memory-no-context,none,760687867,True,imported-stage0-run-envelope,metrics.actions.clipping_count,0
finevo-pilot-v2.10.1--stage0-calibration--llama33_local_controlled--stage0-no-memory-no-context--none--nu-0.5--s760687867,complete,stage0-calibration,llama33_local_controlled,stage0-no-memory-no-context,none,760687867,True,imported-stage0-run-envelope,metrics.actions.clipping_rate,0.0
finevo-pilot-v2.10.1--stage0-calibration--llama33_local_controlled--stage0-no-memory-no-context--none--nu-0.5--s760687867,complete,stage0-calibration,llama33_local_controlled,stage0-no-memory-no-context,none,760687867,True,imported-stage0-run-envelope,metrics.actions.consumption_rate_counts.0.5,3
finevo-pilot-v2.10.1--stage0-calibration--llama33_local_controlled--stage0-no-memory-no-context--none--nu-0.5--s760687867,complete,stage0-calibration,llama33_local_controlled,stage0-no-memory-no-context,none,760687867,True,imported-stage0-run-envelope,metrics.actions.consumption_rate_counts.0.6,14
finevo-pilot-v2.10.1--stage0-calibration--llama33_local_controlled--stage0-no-memory-no-context--none--nu-0.5--s760687867,complete,stage0-calibration,llama33_local_controlled,stage0-no-memory-no-context,none,760687867,True,imported-stage0-run-envelope,metrics.actions.consumption_rate_counts.0.7,30
finevo-pilot-v2.10.1--stage0-calibration--llama33_local_controlled--stage0-no-memory-no-context--none--nu-0.5--s760687867,complete,stage0-calibration,llama33_local_controlled,stage0-no-memory-no-context,none,760687867,True,imported-stage0-run-envelope,metrics.actions.consumption_rate_counts.0.8,1
finevo-pilot-v2.10.1--stage0-calibration--llama33_local_controlled--stage0-no-memory-no-context--none--nu-0.5--s760687867,complete,stage0-calibration,llama33_local_controlled,stage0-no-memory-no-context,none,760687867,True,imported-stage0-run-envelope,metrics.actions.interior_consumption_rate,1.0
finevo-pilot-v2.10.1--stage0-calibration--llama33_local_controlled--stage0-no-memory-no-context--none--nu-0.5--s760687867,complete,stage0-calibration,llama33_local_controlled,stage0-no-memory-no-context,none,760687867,True,imported-stage0-run-envelope,metrics.actions.interior_labor_rate,1.0
finevo-pilot-v2.10.1--stage0-calibration--llama33_local_controlled--stage0-no-memory-no-context--none--nu-0.5--s760687867,complete,stage0-calibration,llama33_local_controlled,stage0-no-memory-no-context,none,760687867,True,imported-stage0-run-envelope,metrics.actions.labor_hours_counts.104,11
finevo-pilot-v2.10.1--stage0-calibration--llama33_local_controlled--stage0-no-memory-no-context--none--nu-0.5--s760687867,complete,stage0-calibration,llama33_local_controlled,stage0-no-memory-no-context,none,760687867,True,imported-stage0-run-envelope,metrics.actions.labor_hours_counts.136,36
finevo-pilot-v2.10.1--stage0-calibration--llama33_local_controlled--stage0-no-memory-no-context--none--nu-0.5--s760687867,complete,stage0-calibration,llama33_local_controlled,stage0-no-memory-no-context,none,760687867,True,imported-stage0-run-envelope,metrics.actions.labor_hours_counts.88,1
finevo-pilot-v2.10.1--stage0-calibration--llama33_local_controlled--stage0-no-memory-no-context--none--nu-0.5--s760687867,complete,stage0-calibration,llama33_local_controlled,stage0-no-memory-no-context,none,760687867,True,imported-stage0-run-envelope,metrics.actions.zero_labor_rate,0.0
finevo-pilot-v2.10.1--stage0-calibration--llama33_local_controlled--stage0-no-memory-no-context--none--nu-0.5--s760687867,complete,stage0-calibration,llama33_local_controlled,stage0-no-memory-no-context,none,760687867,True,imported-stage0-run-envelope,metrics.analysis_scope,"""stage0-baseline-calibration"""
finevo-pilot-v2.10.1--stage0-calibration--llama33_local_controlled--stage0-no-memory-no-context--none--nu-0.5--s760687867,complete,stage0-calibration,llama33_local_controlled,stage0-no-memory-no-context,none,760687867,True,imported-stage0-run-envelope,metrics.guardrails.max_abs_budget_residual,2.9103830456733704e-11
finevo-pilot-v2.10.1--stage0-calibration--llama33_local_controlled--stage0-no-memory-no-context--none--nu-0.5--s760687867,complete,stage0-calibration,llama33_local_controlled,stage0-no-memory-no-context,none,760687867,True,imported-stage0-run-envelope,metrics.guardrails.median_labor_disutility_to_consumption_utility,0.9178188370715801
finevo-pilot-v2.10.1--stage0-calibration--llama33_local_controlled--stage0-no-memory-no-context--none--nu-0.5--s760687867,complete,stage0-calibration,llama33_local_controlled,stage0-no-memory-no-context,none,760687867,True,imported-stage0-run-envelope,metrics.guardrails.provider_failure_count,0
finevo-pilot-v2.10.1--stage0-calibration--llama33_local_controlled--stage0-no-memory-no-context--none--nu-0.5--s760687867,complete,stage0-calibration,llama33_local_controlled,stage0-no-memory-no-context,none,760687867,True,imported-stage0-run-envelope,metrics.row_counts.actions,48
finevo-pilot-v2.10.1--stage0-calibration--llama33_local_controlled--stage0-no-memory-no-context--none--nu-0.5--s760687867,complete,stage0-calibration,llama33_local_controlled,stage0-no-memory-no-context,none,760687867,True,imported-stage0-run-envelope,metrics.row_counts.errors,0
finevo-pilot-v2.10.1--stage0-calibration--llama33_local_controlled--stage0-no-memory-no-context--none--nu-0.5--s760687867,complete,stage0-calibration,llama33_local_controlled,stage0-no-memory-no-context,none,760687867,True,imported-stage0-run-envelope,metrics.row_counts.utility,48
finevo-pilot-v2.10.1--stage0-calibration--llama33_local_controlled--stage0-no-memory-no-context--none--nu-0.5--s760687867,complete,stage0-calibration,llama33_local_controlled,stage0-no-memory-no-context,none,760687867,True,imported-stage0-run-envelope,metrics.schema_version,"""finevo-pilot-stage0-analysis-v1"""
finevo-pilot-v2.10.1--stage0-calibration--llama33_local_controlled--stage0-no-memory-no-context--none--nu-2--s1942013315,complete,stage0-calibration,llama33_local_controlled,stage0-no-memory-no-context,none,1942013315,True,imported-stage0-run-envelope,metrics.actions.ceiling_labor_rate,0.0
finevo-pilot-v2.10.1--stage0-calibration--llama33_local_controlled--stage0-no-memory-no-context--none--nu-2--s1942013315,complete,stage0-calibration,llama33_local_controlled,stage0-no-memory-no-context,none,1942013315,True,imported-stage0-run-envelope,metrics.actions.clipping_count,0
finevo-pilot-v2.10.1--stage0-calibration--llama33_local_controlled--stage0-no-memory-no-context--none--nu-2--s1942013315,complete,stage0-calibration,llama33_local_controlled,stage0-no-memory-no-context,none,1942013315,True,imported-stage0-run-envelope,metrics.actions.clipping_rate,0.0
finevo-pilot-v2.10.1--stage0-calibration--llama33_local_controlled--stage0-no-memory-no-context--none--nu-2--s1942013315,complete,stage0-calibration,llama33_local_controlled,stage0-no-memory-no-context,none,1942013315,True,imported-stage0-run-envelope,metrics.actions.consumption_rate_counts.0.4,1
finevo-pilot-v2.10.1--stage0-calibration--llama33_local_controlled--stage0-no-memory-no-context--none--nu-2--s1942013315,complete,stage0-calibration,llama33_local_controlled,stage0-no-memory-no-context,none,1942013315,True,imported-stage0-run-envelope,metrics.actions.consumption_rate_counts.0.5,8
finevo-pilot-v2.10.1--stage0-calibration--llama33_local_controlled--stage0-no-memory-no-context--none--nu-2--s1942013315,complete,stage0-calibration,llama33_local_controlled,stage0-no-memory-no-context,none,1942013315,True,imported-stage0-run-envelope,metrics.actions.consumption_rate_counts.0.6,4
finevo-pilot-v2.10.1--stage0-calibration--llama33_local_controlled--stage0-no-memory-no-context--none--nu-2--s1942013315,complete,stage0-calibration,llama33_local_controlled,stage0-no-memory-no-context,none,1942013315,True,imported-stage0-run-envelope,metrics.actions.consumption_rate_counts.0.7,34
finevo-pilot-v2.10.1--stage0-calibration--llama33_local_controlled--stage0-no-memory-no-context--none--nu-2--s1942013315,complete,stage0-calibration,llama33_local_controlled,stage0-no-memory-no-context,none,1942013315,True,imported-stage0-run-envelope,metrics.actions.consumption_rate_counts.0.8,1
finevo-pilot-v2.10.1--stage0-calibration--llama33_local_controlled--stage0-no-memory-no-context--none--nu-2--s1942013315,complete,stage0-calibration,llama33_local_controlled,stage0-no-memory-no-context,none,1942013315,True,imported-stage0-run-envelope,metrics.actions.interior_consumption_rate,1.0
finevo-pilot-v2.10.1--stage0-calibration--llama33_local_controlled--stage0-no-memory-no-context--none--nu-2--s1942013315,complete,stage0-calibration,llama33_local_controlled,stage0-no-memory-no-context,none,1942013315,True,imported-stage0-run-envelope,metrics.actions.interior_labor_rate,1.0
finevo-pilot-v2.10.1--stage0-calibration--llama33_local_controlled--stage0-no-memory-no-context--none--nu-2--s1942013315,complete,stage0-calibration,llama33_local_controlled,stage0-no-memory-no-context,none,1942013315,True,imported-stage0-run-envelope,metrics.actions.labor_hours_counts.104,11
finevo-pilot-v2.10.1--stage0-calibration--llama33_local_controlled--stage0-no-memory-no-context--none--nu-2--s1942013315,complete,stage0-calibration,llama33_local_controlled,stage0-no-memory-no-context,none,1942013315,True,imported-stage0-run-envelope,metrics.actions.labor_hours_counts.136,36
finevo-pilot-v2.10.1--stage0-calibration--llama33_local_controlled--stage0-no-memory-no-context--none--nu-2--s1942013315,complete,stage0-calibration,llama33_local_controlled,stage0-no-memory-no-context,none,1942013315,True,imported-stage0-run-envelope,metrics.actions.labor_hours_counts.88,1
finevo-pilot-v2.10.1--stage0-calibration--llama33_local_controlled--stage0-no-memory-no-context--none--nu-2--s1942013315,complete,stage0-calibration,llama33_local_controlled,stage0-no-memory-no-context,none,1942013315,True,imported-stage0-run-envelope,metrics.actions.zero_labor_rate,0.0
finevo-pilot-v2.10.1--stage0-calibration--llama33_local_controlled--stage0-no-memory-no-context--none--nu-2--s1942013315,complete,stage0-calibration,llama33_local_controlled,stage0-no-memory-no-context,none,1942013315,True,imported-stage0-run-envelope,metrics.analysis_scope,"""stage0-baseline-calibration"""
finevo-pilot-v2.10.1--stage0-calibration--llama33_local_controlled--stage0-no-memory-no-context--none--nu-2--s1942013315,complete,stage0-calibration,llama33_local_controlled,stage0-no-memory-no-context,none,1942013315,True,imported-stage0-run-envelope,metrics.guardrails.max_abs_budget_residual,1.4551915228366852e-11
finevo-pilot-v2.10.1--stage0-calibration--llama33_local_controlled--stage0-no-memory-no-context--none--nu-2--s1942013315,complete,stage0-calibration,llama33_local_controlled,stage0-no-memory-no-context,none,1942013315,True,imported-stage0-run-envelope,metrics.guardrails.median_labor_disutility_to_consumption_utility,0.29464509196251704
finevo-pilot-v2.10.1--stage0-calibration--llama33_local_controlled--stage0-no-memory-no-context--none--nu-2--s1942013315,complete,stage0-calibration,llama33_local_controlled,stage0-no-memory-no-context,none,1942013315,True,imported-stage0-run-envelope,metrics.guardrails.provider_failure_count,0
finevo-pilot-v2.10.1--stage0-calibration--llama33_local_controlled--stage0-no-memory-no-context--none--nu-2--s1942013315,complete,stage0-calibration,llama33_local_controlled,stage0-no-memory-no-context,none,1942013315,True,imported-stage0-run-envelope,metrics.row_counts.actions,48
finevo-pilot-v2.10.1--stage0-calibration--llama33_local_controlled--stage0-no-memory-no-context--none--nu-2--s1942013315,complete,stage0-calibration,llama33_local_controlled,stage0-no-memory-no-context,none,1942013315,True,imported-stage0-run-envelope,metrics.row_counts.errors,0
finevo-pilot-v2.10.1--stage0-calibration--llama33_local_controlled--stage0-no-memory-no-context--none--nu-2--s1942013315,complete,stage0-calibration,llama33_local_controlled,stage0-no-memory-no-context,none,1942013315,True,imported-stage0-run-envelope,metrics.row_counts.utility,48
finevo-pilot-v2.10.1--stage0-calibration--llama33_local_controlled--stage0-no-memory-no-context--none--nu-2--s1942013315,complete,stage0-calibration,llama33_local_controlled,stage0-no-memory-no-context,none,1942013315,True,imported-stage0-run-envelope,metrics.schema_version,"""finevo-pilot-stage0-analysis-v1"""
finevo-pilot-v2.10.1--stage0-calibration--llama33_local_controlled--stage0-no-memory-no-context--none--nu-2--s760687867,complete,stage0-calibration,llama33_local_controlled,stage0-no-memory-no-context,none,760687867,True,imported-stage0-run-envelope,metrics.actions.ceiling_labor_rate,0.0
finevo-pilot-v2.10.1--stage0-calibration--llama33_local_controlled--stage0-no-memory-no-context--none--nu-2--s760687867,complete,stage0-calibration,llama33_local_controlled,stage0-no-memory-no-context,none,760687867,True,imported-stage0-run-envelope,metrics.actions.clipping_count,0
finevo-pilot-v2.10.1--stage0-calibration--llama33_local_controlled--stage0-no-memory-no-context--none--nu-2--s760687867,complete,stage0-calibration,llama33_local_controlled,stage0-no-memory-no-context,none,760687867,True,imported-stage0-run-envelope,metrics.actions.clipping_rate,0.0
finevo-pilot-v2.10.1--stage0-calibration--llama33_local_controlled--stage0-no-memory-no-context--none--nu-2--s760687867,complete,stage0-calibration,llama33_local_controlled,stage0-no-memory-no-context,none,760687867,True,imported-stage0-run-envelope,metrics.actions.consumption_rate_counts.0.5,4
finevo-pilot-v2.10.1--stage0-calibration--llama33_local_controlled--stage0-no-memory-no-context--none--nu-2--s760687867,complete,stage0-calibration,llama33_local_controlled,stage0-no-memory-no-context,none,760687867,True,imported-stage0-run-envelope,metrics.actions.consumption_rate_counts.0.6,1
finevo-pilot-v2.10.1--stage0-calibration--llama33_local_controlled--stage0-no-memory-no-context--none--nu-2--s760687867,complete,stage0-calibration,llama33_local_controlled,stage0-no-memory-no-context,none,760687867,True,imported-stage0-run-envelope,metrics.actions.consumption_rate_counts.0.7,41
finevo-pilot-v2.10.1--stage0-calibration--llama33_local_controlled--stage0-no-memory-no-context--none--nu-2--s760687867,complete,stage0-calibration,llama33_local_controlled,stage0-no-memory-no-context,none,760687867,True,imported-stage0-run-envelope,metrics.actions.consumption_rate_counts.0.8,2
finevo-pilot-v2.10.1--stage0-calibration--llama33_local_controlled--stage0-no-memory-no-context--none--nu-2--s760687867,complete,stage0-calibration,llama33_local_controlled,stage0-no-memory-no-context,none,760687867,True,imported-stage0-run-envelope,metrics.actions.interior_consumption_rate,1.0
finevo-pilot-v2.10.1--stage0-calibration--llama33_local_controlled--stage0-no-memory-no-context--none--nu-2--s760687867,complete,stage0-calibration,llama33_local_controlled,stage0-no-memory-no-context,none,760687867,True,imported-stage0-run-envelope,metrics.actions.interior_labor_rate,1.0
finevo-pilot-v2.10.1--stage0-calibration--llama33_local_controlled--stage0-no-memory-no-context--none--nu-2--s760687867,complete,stage0-calibration,llama33_local_controlled,stage0-no-memory-no-context,none,760687867,True,imported-stage0-run-envelope,metrics.actions.labor_hours_counts.104,22
finevo-pilot-v2.10.1--stage0-calibration--llama33_local_controlled--stage0-no-memory-no-context--none--nu-2--s760687867,complete,stage0-calibration,llama33_local_controlled,stage0-no-memory-no-context,none,760687867,True,imported-stage0-run-envelope,metrics.actions.labor_hours_counts.136,24
finevo-pilot-v2.10.1--stage0-calibration--llama33_local_controlled--stage0-no-memory-no-context--none--nu-2--s760687867,complete,stage0-calibration,llama33_local_controlled,stage0-no-memory-no-context,none,760687867,True,imported-stage0-run-envelope,metrics.actions.labor_hours_counts.88,2
finevo-pilot-v2.10.1--stage0-calibration--llama33_local_controlled--stage0-no-memory-no-context--none--nu-2--s760687867,complete,stage0-calibration,llama33_local_controlled,stage0-no-memory-no-context,none,760687867,True,imported-stage0-run-envelope,metrics.actions.zero_labor_rate,0.0
finevo-pilot-v2.10.1--stage0-calibration--llama33_local_controlled--stage0-no-memory-no-context--none--nu-2--s760687867,complete,stage0-calibration,llama33_local_controlled,stage0-no-memory-no-context,none,760687867,True,imported-stage0-run-envelope,metrics.analysis_scope,"""stage0-baseline-calibration"""
finevo-pilot-v2.10.1--stage0-calibration--llama33_local_controlled--stage0-no-memory-no-context--none--nu-2--s760687867,complete,stage0-calibration,llama33_local_controlled,stage0-no-memory-no-context,none,760687867,True,imported-stage0-run-envelope,metrics.guardrails.max_abs_budget_residual,2.9103830456733704e-11
finevo-pilot-v2.10.1--stage0-calibration--llama33_local_controlled--stage0-no-memory-no-context--none--nu-2--s760687867,complete,stage0-calibration,llama33_local_controlled,stage0-no-memory-no-context,none,760687867,True,imported-stage0-run-envelope,metrics.guardrails.median_labor_disutility_to_consumption_utility,0.28730592619590645
finevo-pilot-v2.10.1--stage0-calibration--llama33_local_controlled--stage0-no-memory-no-context--none--nu-2--s760687867,complete,stage0-calibration,llama33_local_controlled,stage0-no-memory-no-context,none,760687867,True,imported-stage0-run-envelope,metrics.guardrails.provider_failure_count,0
finevo-pilot-v2.10.1--stage0-calibration--llama33_local_controlled--stage0-no-memory-no-context--none--nu-2--s760687867,complete,stage0-calibration,llama33_local_controlled,stage0-no-memory-no-context,none,760687867,True,imported-stage0-run-envelope,metrics.row_counts.actions,48
finevo-pilot-v2.10.1--stage0-calibration--llama33_local_controlled--stage0-no-memory-no-context--none--nu-2--s760687867,complete,stage0-calibration,llama33_local_controlled,stage0-no-memory-no-context,none,760687867,True,imported-stage0-run-envelope,metrics.row_counts.errors,0
finevo-pilot-v2.10.1--stage0-calibration--llama33_local_controlled--stage0-no-memory-no-context--none--nu-2--s760687867,complete,stage0-calibration,llama33_local_controlled,stage0-no-memory-no-context,none,760687867,True,imported-stage0-run-envelope,metrics.row_counts.utility,48
finevo-pilot-v2.10.1--stage0-calibration--llama33_local_controlled--stage0-no-memory-no-context--none--nu-2--s760687867,complete,stage0-calibration,llama33_local_controlled,stage0-no-memory-no-context,none,760687867,True,imported-stage0-run-envelope,metrics.schema_version,"""finevo-pilot-stage0-analysis-v1"""
finevo-pilot-v2.10.1--stage0-calibration--llama33_local_controlled--stage0-no-memory-no-context--none--q0-0.5x--s1942013315,complete,stage0-calibration,llama33_local_controlled,stage0-no-memory-no-context,none,1942013315,True,imported-stage0-run-envelope,metrics.actions.ceiling_labor_rate,0.0
finevo-pilot-v2.10.1--stage0-calibration--llama33_local_controlled--stage0-no-memory-no-context--none--q0-0.5x--s1942013315,complete,stage0-calibration,llama33_local_controlled,stage0-no-memory-no-context,none,1942013315,True,imported-stage0-run-envelope,metrics.actions.clipping_count,0
finevo-pilot-v2.10.1--stage0-calibration--llama33_local_controlled--stage0-no-memory-no-context--none--q0-0.5x--s1942013315,complete,stage0-calibration,llama33_local_controlled,stage0-no-memory-no-context,none,1942013315,True,imported-stage0-run-envelope,metrics.actions.clipping_rate,0.0
finevo-pilot-v2.10.1--stage0-calibration--llama33_local_controlled--stage0-no-memory-no-context--none--q0-0.5x--s1942013315,complete,stage0-calibration,llama33_local_controlled,stage0-no-memory-no-context,none,1942013315,True,imported-stage0-run-envelope,metrics.actions.consumption_rate_counts.0.4,1
finevo-pilot-v2.10.1--stage0-calibration--llama33_local_controlled--stage0-no-memory-no-context--none--q0-0.5x--s1942013315,complete,stage0-calibration,llama33_local_controlled,stage0-no-memory-no-context,none,1942013315,True,imported-stage0-run-envelope,metrics.actions.consumption_rate_counts.0.5,8
finevo-pilot-v2.10.1--stage0-calibration--llama33_local_controlled--stage0-no-memory-no-context--none--q0-0.5x--s1942013315,complete,stage0-calibration,llama33_local_controlled,stage0-no-memory-no-context,none,1942013315,True,imported-stage0-run-envelope,metrics.actions.consumption_rate_counts.0.6,4
finevo-pilot-v2.10.1--stage0-calibration--llama33_local_controlled--stage0-no-memory-no-context--none--q0-0.5x--s1942013315,complete,stage0-calibration,llama33_local_controlled,stage0-no-memory-no-context,none,1942013315,True,imported-stage0-run-envelope,metrics.actions.consumption_rate_counts.0.7,34
finevo-pilot-v2.10.1--stage0-calibration--llama33_local_controlled--stage0-no-memory-no-context--none--q0-0.5x--s1942013315,complete,stage0-calibration,llama33_local_controlled,stage0-no-memory-no-context,none,1942013315,True,imported-stage0-run-envelope,metrics.actions.consumption_rate_counts.0.8,1
finevo-pilot-v2.10.1--stage0-calibration--llama33_local_controlled--stage0-no-memory-no-context--none--q0-0.5x--s1942013315,complete,stage0-calibration,llama33_local_controlled,stage0-no-memory-no-context,none,1942013315,True,imported-stage0-run-envelope,metrics.actions.interior_consumption_rate,1.0
finevo-pilot-v2.10.1--stage0-calibration--llama33_local_controlled--stage0-no-memory-no-context--none--q0-0.5x--s1942013315,complete,stage0-calibration,llama33_local_controlled,stage0-no-memory-no-context,none,1942013315,True,imported-stage0-run-envelope,metrics.actions.interior_labor_rate,1.0
finevo-pilot-v2.10.1--stage0-calibration--llama33_local_controlled--stage0-no-memory-no-context--none--q0-0.5x--s1942013315,complete,stage0-calibration,llama33_local_controlled,stage0-no-memory-no-context,none,1942013315,True,imported-stage0-run-envelope,metrics.actions.labor_hours_counts.104,11
finevo-pilot-v2.10.1--stage0-calibration--llama33_local_controlled--stage0-no-memory-no-context--none--q0-0.5x--s1942013315,complete,stage0-calibration,llama33_local_controlled,stage0-no-memory-no-context,none,1942013315,True,imported-stage0-run-envelope,metrics.actions.labor_hours_counts.136,36
finevo-pilot-v2.10.1--stage0-calibration--llama33_local_controlled--stage0-no-memory-no-context--none--q0-0.5x--s1942013315,complete,stage0-calibration,llama33_local_controlled,stage0-no-memory-no-context,none,1942013315,True,imported-stage0-run-envelope,metrics.actions.labor_hours_counts.88,1
finevo-pilot-v2.10.1--stage0-calibration--llama33_local_controlled--stage0-no-memory-no-context--none--q0-0.5x--s1942013315,complete,stage0-calibration,llama33_local_controlled,stage0-no-memory-no-context,none,1942013315,True,imported-stage0-run-envelope,metrics.actions.zero_labor_rate,0.0
finevo-pilot-v2.10.1--stage0-calibration--llama33_local_controlled--stage0-no-memory-no-context--none--q0-0.5x--s1942013315,complete,stage0-calibration,llama33_local_controlled,stage0-no-memory-no-context,none,1942013315,True,imported-stage0-run-envelope,metrics.analysis_scope,"""stage0-baseline-calibration"""
finevo-pilot-v2.10.1--stage0-calibration--llama33_local_controlled--stage0-no-memory-no-context--none--q0-0.5x--s1942013315,complete,stage0-calibration,llama33_local_controlled,stage0-no-memory-no-context,none,1942013315,True,imported-stage0-run-envelope,metrics.guardrails.max_abs_budget_residual,1.4551915228366852e-11
finevo-pilot-v2.10.1--stage0-calibration--llama33_local_controlled--stage0-no-memory-no-context--none--q0-0.5x--s1942013315,complete,stage0-calibration,llama33_local_controlled,stage0-no-memory-no-context,none,1942013315,True,imported-stage0-run-envelope,metrics.guardrails.median_labor_disutility_to_consumption_utility,0.37909641823631746
finevo-pilot-v2.10.1--stage0-calibration--llama33_local_controlled--stage0-no-memory-no-context--none--q0-0.5x--s1942013315,complete,stage0-calibration,llama33_local_controlled,stage0-no-memory-no-context,none,1942013315,True,imported-stage0-run-envelope,metrics.guardrails.provider_failure_count,0
finevo-pilot-v2.10.1--stage0-calibration--llama33_local_controlled--stage0-no-memory-no-context--none--q0-0.5x--s1942013315,complete,stage0-calibration,llama33_local_controlled,stage0-no-memory-no-context,none,1942013315,True,imported-stage0-run-envelope,metrics.row_counts.actions,48
finevo-pilot-v2.10.1--stage0-calibration--llama33_local_controlled--stage0-no-memory-no-context--none--q0-0.5x--s1942013315,complete,stage0-calibration,llama33_local_controlled,stage0-no-memory-no-context,none,1942013315,True,imported-stage0-run-envelope,metrics.row_counts.errors,0
finevo-pilot-v2.10.1--stage0-calibration--llama33_local_controlled--stage0-no-memory-no-context--none--q0-0.5x--s1942013315,complete,stage0-calibration,llama33_local_controlled,stage0-no-memory-no-context,none,1942013315,True,imported-stage0-run-envelope,metrics.row_counts.utility,48
finevo-pilot-v2.10.1--stage0-calibration--llama33_local_controlled--stage0-no-memory-no-context--none--q0-0.5x--s1942013315,complete,stage0-calibration,llama33_local_controlled,stage0-no-memory-no-context,none,1942013315,True,imported-stage0-run-envelope,metrics.schema_version,"""finevo-pilot-stage0-analysis-v1"""
finevo-pilot-v2.10.1--stage0-calibration--llama33_local_controlled--stage0-no-memory-no-context--none--q0-0.5x--s760687867,complete,stage0-calibration,llama33_local_controlled,stage0-no-memory-no-context,none,760687867,True,imported-stage0-run-envelope,metrics.actions.ceiling_labor_rate,0.0
finevo-pilot-v2.10.1--stage0-calibration--llama33_local_controlled--stage0-no-memory-no-context--none--q0-0.5x--s760687867,complete,stage0-calibration,llama33_local_controlled,stage0-no-memory-no-context,none,760687867,True,imported-stage0-run-envelope,metrics.actions.clipping_count,0
finevo-pilot-v2.10.1--stage0-calibration--llama33_local_controlled--stage0-no-memory-no-context--none--q0-0.5x--s760687867,complete,stage0-calibration,llama33_local_controlled,stage0-no-memory-no-context,none,760687867,True,imported-stage0-run-envelope,metrics.actions.clipping_rate,0.0
finevo-pilot-v2.10.1--stage0-calibration--llama33_local_controlled--stage0-no-memory-no-context--none--q0-0.5x--s760687867,complete,stage0-calibration,llama33_local_controlled,stage0-no-memory-no-context,none,760687867,True,imported-stage0-run-envelope,metrics.actions.consumption_rate_counts.0.5,3
finevo-pilot-v2.10.1--stage0-calibration--llama33_local_controlled--stage0-no-memory-no-context--none--q0-0.5x--s760687867,complete,stage0-calibration,llama33_local_controlled,stage0-no-memory-no-context,none,760687867,True,imported-stage0-run-envelope,metrics.actions.consumption_rate_counts.0.6,5
finevo-pilot-v2.10.1--stage0-calibration--llama33_local_controlled--stage0-no-memory-no-context--none--q0-0.5x--s760687867,complete,stage0-calibration,llama33_local_controlled,stage0-no-memory-no-context,none,760687867,True,imported-stage0-run-envelope,metrics.actions.consumption_rate_counts.0.7,38
finevo-pilot-v2.10.1--stage0-calibration--llama33_local_controlled--stage0-no-memory-no-context--none--q0-0.5x--s760687867,complete,stage0-calibration,llama33_local_controlled,stage0-no-memory-no-context,none,760687867,True,imported-stage0-run-envelope,metrics.actions.consumption_rate_counts.0.8,2
finevo-pilot-v2.10.1--stage0-calibration--llama33_local_controlled--stage0-no-memory-no-context--none--q0-0.5x--s760687867,complete,stage0-calibration,llama33_local_controlled,stage0-no-memory-no-context,none,760687867,True,imported-stage0-run-envelope,metrics.actions.interior_consumption_rate,1.0
finevo-pilot-v2.10.1--stage0-calibration--llama33_local_controlled--stage0-no-memory-no-context--none--q0-0.5x--s760687867,complete,stage0-calibration,llama33_local_controlled,stage0-no-memory-no-context,none,760687867,True,imported-stage0-run-envelope,metrics.actions.interior_labor_rate,1.0
finevo-pilot-v2.10.1--stage0-calibration--llama33_local_controlled--stage0-no-memory-no-context--none--q0-0.5x--s760687867,complete,stage0-calibration,llama33_local_controlled,stage0-no-memory-no-context,none,760687867,True,imported-stage0-run-envelope,metrics.actions.labor_hours_counts.104,22
finevo-pilot-v2.10.1--stage0-calibration--llama33_local_controlled--stage0-no-memory-no-context--none--q0-0.5x--s760687867,complete,stage0-calibration,llama33_local_controlled,stage0-no-memory-no-context,none,760687867,True,imported-stage0-run-envelope,metrics.actions.labor_hours_counts.136,24
finevo-pilot-v2.10.1--stage0-calibration--llama33_local_controlled--stage0-no-memory-no-context--none--q0-0.5x--s760687867,complete,stage0-calibration,llama33_local_controlled,stage0-no-memory-no-context,none,760687867,True,imported-stage0-run-envelope,metrics.actions.labor_hours_counts.88,2
finevo-pilot-v2.10.1--stage0-calibration--llama33_local_controlled--stage0-no-memory-no-context--none--q0-0.5x--s760687867,complete,stage0-calibration,llama33_local_controlled,stage0-no-memory-no-context,none,760687867,True,imported-stage0-run-envelope,metrics.actions.zero_labor_rate,0.0
finevo-pilot-v2.10.1--stage0-calibration--llama33_local_controlled--stage0-no-memory-no-context--none--q0-0.5x--s760687867,complete,stage0-calibration,llama33_local_controlled,stage0-no-memory-no-context,none,760687867,True,imported-stage0-run-envelope,metrics.analysis_scope,"""stage0-baseline-calibration"""
finevo-pilot-v2.10.1--stage0-calibration--llama33_local_controlled--stage0-no-memory-no-context--none--q0-0.5x--s760687867,complete,stage0-calibration,llama33_local_controlled,stage0-no-memory-no-context,none,760687867,True,imported-stage0-run-envelope,metrics.guardrails.max_abs_budget_residual,2.1827872842550278e-11
finevo-pilot-v2.10.1--stage0-calibration--llama33_local_controlled--stage0-no-memory-no-context--none--q0-0.5x--s760687867,complete,stage0-calibration,llama33_local_controlled,stage0-no-memory-no-context,none,760687867,True,imported-stage0-run-envelope,metrics.guardrails.median_labor_disutility_to_consumption_utility,0.38934690707028574
finevo-pilot-v2.10.1--stage0-calibration--llama33_local_controlled--stage0-no-memory-no-context--none--q0-0.5x--s760687867,complete,stage0-calibration,llama33_local_controlled,stage0-no-memory-no-context,none,760687867,True,imported-stage0-run-envelope,metrics.guardrails.provider_failure_count,0
finevo-pilot-v2.10.1--stage0-calibration--llama33_local_controlled--stage0-no-memory-no-context--none--q0-0.5x--s760687867,complete,stage0-calibration,llama33_local_controlled,stage0-no-memory-no-context,none,760687867,True,imported-stage0-run-envelope,metrics.row_counts.actions,48
finevo-pilot-v2.10.1--stage0-calibration--llama33_local_controlled--stage0-no-memory-no-context--none--q0-0.5x--s760687867,complete,stage0-calibration,llama33_local_controlled,stage0-no-memory-no-context,none,760687867,True,imported-stage0-run-envelope,metrics.row_counts.errors,0
finevo-pilot-v2.10.1--stage0-calibration--llama33_local_controlled--stage0-no-memory-no-context--none--q0-0.5x--s760687867,complete,stage0-calibration,llama33_local_controlled,stage0-no-memory-no-context,none,760687867,True,imported-stage0-run-envelope,metrics.row_counts.utility,48
finevo-pilot-v2.10.1--stage0-calibration--llama33_local_controlled--stage0-no-memory-no-context--none--q0-0.5x--s760687867,complete,stage0-calibration,llama33_local_controlled,stage0-no-memory-no-context,none,760687867,True,imported-stage0-run-envelope,metrics.schema_version,"""finevo-pilot-stage0-analysis-v1"""
finevo-pilot-v2.10.1--stage0-calibration--llama33_local_controlled--stage0-no-memory-no-context--none--q0-2x--s1942013315,complete,stage0-calibration,llama33_local_controlled,stage0-no-memory-no-context,none,1942013315,True,imported-stage0-run-envelope,metrics.actions.ceiling_labor_rate,0.0
finevo-pilot-v2.10.1--stage0-calibration--llama33_local_controlled--stage0-no-memory-no-context--none--q0-2x--s1942013315,complete,stage0-calibration,llama33_local_controlled,stage0-no-memory-no-context,none,1942013315,True,imported-stage0-run-envelope,metrics.actions.clipping_count,0
finevo-pilot-v2.10.1--stage0-calibration--llama33_local_controlled--stage0-no-memory-no-context--none--q0-2x--s1942013315,complete,stage0-calibration,llama33_local_controlled,stage0-no-memory-no-context,none,1942013315,True,imported-stage0-run-envelope,metrics.actions.clipping_rate,0.0
finevo-pilot-v2.10.1--stage0-calibration--llama33_local_controlled--stage0-no-memory-no-context--none--q0-2x--s1942013315,complete,stage0-calibration,llama33_local_controlled,stage0-no-memory-no-context,none,1942013315,True,imported-stage0-run-envelope,metrics.actions.consumption_rate_counts.0.5,12
finevo-pilot-v2.10.1--stage0-calibration--llama33_local_controlled--stage0-no-memory-no-context--none--q0-2x--s1942013315,complete,stage0-calibration,llama33_local_controlled,stage0-no-memory-no-context,none,1942013315,True,imported-stage0-run-envelope,metrics.actions.consumption_rate_counts.0.6,2
finevo-pilot-v2.10.1--stage0-calibration--llama33_local_controlled--stage0-no-memory-no-context--none--q0-2x--s1942013315,complete,stage0-calibration,llama33_local_controlled,stage0-no-memory-no-context,none,1942013315,True,imported-stage0-run-envelope,metrics.actions.consumption_rate_counts.0.7,32
finevo-pilot-v2.10.1--stage0-calibration--llama33_local_controlled--stage0-no-memory-no-context--none--q0-2x--s1942013315,complete,stage0-calibration,llama33_local_controlled,stage0-no-memory-no-context,none,1942013315,True,imported-stage0-run-envelope,metrics.actions.consumption_rate_counts.0.8,2
finevo-pilot-v2.10.1--stage0-calibration--llama33_local_controlled--stage0-no-memory-no-context--none--q0-2x--s1942013315,complete,stage0-calibration,llama33_local_controlled,stage0-no-memory-no-context,none,1942013315,True,imported-stage0-run-envelope,metrics.actions.interior_consumption_rate,1.0
finevo-pilot-v2.10.1--stage0-calibration--llama33_local_controlled--stage0-no-memory-no-context--none--q0-2x--s1942013315,complete,stage0-calibration,llama33_local_controlled,stage0-no-memory-no-context,none,1942013315,True,imported-stage0-run-envelope,metrics.actions.interior_labor_rate,1.0
finevo-pilot-v2.10.1--stage0-calibration--llama33_local_controlled--stage0-no-memory-no-context--none--q0-2x--s1942013315,complete,stage0-calibration,llama33_local_controlled,stage0-no-memory-no-context,none,1942013315,True,imported-stage0-run-envelope,metrics.actions.labor_hours_counts.104,22
finevo-pilot-v2.10.1--stage0-calibration--llama33_local_controlled--stage0-no-memory-no-context--none--q0-2x--s1942013315,complete,stage0-calibration,llama33_local_controlled,stage0-no-memory-no-context,none,1942013315,True,imported-stage0-run-envelope,metrics.actions.labor_hours_counts.136,24
finevo-pilot-v2.10.1--stage0-calibration--llama33_local_controlled--stage0-no-memory-no-context--none--q0-2x--s1942013315,complete,stage0-calibration,llama33_local_controlled,stage0-no-memory-no-context,none,1942013315,True,imported-stage0-run-envelope,metrics.actions.labor_hours_counts.88,2
finevo-pilot-v2.10.1--stage0-calibration--llama33_local_controlled--stage0-no-memory-no-context--none--q0-2x--s1942013315,complete,stage0-calibration,llama33_local_controlled,stage0-no-memory-no-context,none,1942013315,True,imported-stage0-run-envelope,metrics.actions.zero_labor_rate,0.0
finevo-pilot-v2.10.1--stage0-calibration--llama33_local_controlled--stage0-no-memory-no-context--none--q0-2x--s1942013315,complete,stage0-calibration,llama33_local_controlled,stage0-no-memory-no-context,none,1942013315,True,imported-stage0-run-envelope,metrics.analysis_scope,"""stage0-baseline-calibration"""
finevo-pilot-v2.10.1--stage0-calibration--llama33_local_controlled--stage0-no-memory-no-context--none--q0-2x--s1942013315,complete,stage0-calibration,llama33_local_controlled,stage0-no-memory-no-context,none,1942013315,True,imported-stage0-run-envelope,metrics.guardrails.max_abs_budget_residual,2.1827872842550278e-11
finevo-pilot-v2.10.1--stage0-calibration--llama33_local_controlled--stage0-no-memory-no-context--none--q0-2x--s1942013315,complete,stage0-calibration,llama33_local_controlled,stage0-no-memory-no-context,none,1942013315,True,imported-stage0-run-envelope,metrics.guardrails.median_labor_disutility_to_consumption_utility,1.0489133994589595
finevo-pilot-v2.10.1--stage0-calibration--llama33_local_controlled--stage0-no-memory-no-context--none--q0-2x--s1942013315,complete,stage0-calibration,llama33_local_controlled,stage0-no-memory-no-context,none,1942013315,True,imported-stage0-run-envelope,metrics.guardrails.provider_failure_count,0
finevo-pilot-v2.10.1--stage0-calibration--llama33_local_controlled--stage0-no-memory-no-context--none--q0-2x--s1942013315,complete,stage0-calibration,llama33_local_controlled,stage0-no-memory-no-context,none,1942013315,True,imported-stage0-run-envelope,metrics.row_counts.actions,48
finevo-pilot-v2.10.1--stage0-calibration--llama33_local_controlled--stage0-no-memory-no-context--none--q0-2x--s1942013315,complete,stage0-calibration,llama33_local_controlled,stage0-no-memory-no-context,none,1942013315,True,imported-stage0-run-envelope,metrics.row_counts.errors,0
finevo-pilot-v2.10.1--stage0-calibration--llama33_local_controlled--stage0-no-memory-no-context--none--q0-2x--s1942013315,complete,stage0-calibration,llama33_local_controlled,stage0-no-memory-no-context,none,1942013315,True,imported-stage0-run-envelope,metrics.row_counts.utility,48
finevo-pilot-v2.10.1--stage0-calibration--llama33_local_controlled--stage0-no-memory-no-context--none--q0-2x--s1942013315,complete,stage0-calibration,llama33_local_controlled,stage0-no-memory-no-context,none,1942013315,True,imported-stage0-run-envelope,metrics.schema_version,"""finevo-pilot-stage0-analysis-v1"""
finevo-pilot-v2.10.1--stage0-calibration--llama33_local_controlled--stage0-no-memory-no-context--none--q0-2x--s760687867,complete,stage0-calibration,llama33_local_controlled,stage0-no-memory-no-context,none,760687867,True,imported-stage0-run-envelope,metrics.actions.ceiling_labor_rate,0.0
finevo-pilot-v2.10.1--stage0-calibration--llama33_local_controlled--stage0-no-memory-no-context--none--q0-2x--s760687867,complete,stage0-calibration,llama33_local_controlled,stage0-no-memory-no-context,none,760687867,True,imported-stage0-run-envelope,metrics.actions.clipping_count,0
finevo-pilot-v2.10.1--stage0-calibration--llama33_local_controlled--stage0-no-memory-no-context--none--q0-2x--s760687867,complete,stage0-calibration,llama33_local_controlled,stage0-no-memory-no-context,none,760687867,True,imported-stage0-run-envelope,metrics.actions.clipping_rate,0.0
finevo-pilot-v2.10.1--stage0-calibration--llama33_local_controlled--stage0-no-memory-no-context--none--q0-2x--s760687867,complete,stage0-calibration,llama33_local_controlled,stage0-no-memory-no-context,none,760687867,True,imported-stage0-run-envelope,metrics.actions.consumption_rate_counts.0.5,3
finevo-pilot-v2.10.1--stage0-calibration--llama33_local_controlled--stage0-no-memory-no-context--none--q0-2x--s760687867,complete,stage0-calibration,llama33_local_controlled,stage0-no-memory-no-context,none,760687867,True,imported-stage0-run-envelope,metrics.actions.consumption_rate_counts.0.6,4
finevo-pilot-v2.10.1--stage0-calibration--llama33_local_controlled--stage0-no-memory-no-context--none--q0-2x--s760687867,complete,stage0-calibration,llama33_local_controlled,stage0-no-memory-no-context,none,760687867,True,imported-stage0-run-envelope,metrics.actions.consumption_rate_counts.0.7,39
finevo-pilot-v2.10.1--stage0-calibration--llama33_local_controlled--stage0-no-memory-no-context--none--q0-2x--s760687867,complete,stage0-calibration,llama33_local_controlled,stage0-no-memory-no-context,none,760687867,True,imported-stage0-run-envelope,metrics.actions.consumption_rate_counts.0.8,2
finevo-pilot-v2.10.1--stage0-calibration--llama33_local_controlled--stage0-no-memory-no-context--none--q0-2x--s760687867,complete,stage0-calibration,llama33_local_controlled,stage0-no-memory-no-context,none,760687867,True,imported-stage0-run-envelope,metrics.actions.interior_consumption_rate,1.0
finevo-pilot-v2.10.1--stage0-calibration--llama33_local_controlled--stage0-no-memory-no-context--none--q0-2x--s760687867,complete,stage0-calibration,llama33_local_controlled,stage0-no-memory-no-context,none,760687867,True,imported-stage0-run-envelope,metrics.actions.interior_labor_rate,1.0
finevo-pilot-v2.10.1--stage0-calibration--llama33_local_controlled--stage0-no-memory-no-context--none--q0-2x--s760687867,complete,stage0-calibration,llama33_local_controlled,stage0-no-memory-no-context,none,760687867,True,imported-stage0-run-envelope,metrics.actions.labor_hours_counts.104,22
finevo-pilot-v2.10.1--stage0-calibration--llama33_local_controlled--stage0-no-memory-no-context--none--q0-2x--s760687867,complete,stage0-calibration,llama33_local_controlled,stage0-no-memory-no-context,none,760687867,True,imported-stage0-run-envelope,metrics.actions.labor_hours_counts.136,24
finevo-pilot-v2.10.1--stage0-calibration--llama33_local_controlled--stage0-no-memory-no-context--none--q0-2x--s760687867,complete,stage0-calibration,llama33_local_controlled,stage0-no-memory-no-context,none,760687867,True,imported-stage0-run-envelope,metrics.actions.labor_hours_counts.88,2
finevo-pilot-v2.10.1--stage0-calibration--llama33_local_controlled--stage0-no-memory-no-context--none--q0-2x--s760687867,complete,stage0-calibration,llama33_local_controlled,stage0-no-memory-no-context,none,760687867,True,imported-stage0-run-envelope,metrics.actions.zero_labor_rate,0.0
finevo-pilot-v2.10.1--stage0-calibration--llama33_local_controlled--stage0-no-memory-no-context--none--q0-2x--s760687867,complete,stage0-calibration,llama33_local_controlled,stage0-no-memory-no-context,none,760687867,True,imported-stage0-run-envelope,metrics.analysis_scope,"""stage0-baseline-calibration"""
finevo-pilot-v2.10.1--stage0-calibration--llama33_local_controlled--stage0-no-memory-no-context--none--q0-2x--s760687867,complete,stage0-calibration,llama33_local_controlled,stage0-no-memory-no-context,none,760687867,True,imported-stage0-run-envelope,metrics.guardrails.max_abs_budget_residual,1.4551915228366852e-11
finevo-pilot-v2.10.1--stage0-calibration--llama33_local_controlled--stage0-no-memory-no-context--none--q0-2x--s760687867,complete,stage0-calibration,llama33_local_controlled,stage0-no-memory-no-context,none,760687867,True,imported-stage0-run-envelope,metrics.guardrails.median_labor_disutility_to_consumption_utility,1.0868154006100963
finevo-pilot-v2.10.1--stage0-calibration--llama33_local_controlled--stage0-no-memory-no-context--none--q0-2x--s760687867,complete,stage0-calibration,llama33_local_controlled,stage0-no-memory-no-context,none,760687867,True,imported-stage0-run-envelope,metrics.guardrails.provider_failure_count,0
finevo-pilot-v2.10.1--stage0-calibration--llama33_local_controlled--stage0-no-memory-no-context--none--q0-2x--s760687867,complete,stage0-calibration,llama33_local_controlled,stage0-no-memory-no-context,none,760687867,True,imported-stage0-run-envelope,metrics.row_counts.actions,48
finevo-pilot-v2.10.1--stage0-calibration--llama33_local_controlled--stage0-no-memory-no-context--none--q0-2x--s760687867,complete,stage0-calibration,llama33_local_controlled,stage0-no-memory-no-context,none,760687867,True,imported-stage0-run-envelope,metrics.row_counts.errors,0
finevo-pilot-v2.10.1--stage0-calibration--llama33_local_controlled--stage0-no-memory-no-context--none--q0-2x--s760687867,complete,stage0-calibration,llama33_local_controlled,stage0-no-memory-no-context,none,760687867,True,imported-stage0-run-envelope,metrics.row_counts.utility,48
finevo-pilot-v2.10.1--stage0-calibration--llama33_local_controlled--stage0-no-memory-no-context--none--q0-2x--s760687867,complete,stage0-calibration,llama33_local_controlled,stage0-no-memory-no-context,none,760687867,True,imported-stage0-run-envelope,metrics.schema_version,"""finevo-pilot-stage0-analysis-v1"""
finevo-pilot-v2.10.1--local-experiment-c--llama33_local_controlled--full--none--stage0-selected--s1099057501,failed,local-experiment-c,llama33_local_controlled,full,none,1099057501,False,,,null
finevo-pilot-v2.10.1--local-experiment-c--llama33_local_controlled--full--none--stage0-selected--s1421875452,failed,local-experiment-c,llama33_local_controlled,full,none,1421875452,False,,,null
finevo-pilot-v2.10.1--local-experiment-c--llama33_local_controlled--full--none--stage0-selected--s1769977770,failed,local-experiment-c,llama33_local_controlled,full,none,1769977770,False,,,null
finevo-pilot-v2.10.1--local-experiment-c--llama33_local_controlled--full--none--stage0-selected--s959809858,failed,local-experiment-c,llama33_local_controlled,full,none,959809858,False,,,null
finevo-pilot-v2.10.1--local-experiment-c--llama33_local_controlled--full--none--stage0-selected--s617806385,failed,local-experiment-c,llama33_local_controlled,full,none,617806385,False,,,null
finevo-pilot-v2.10.1--local-experiment-c--llama33_local_controlled--unverified-dual--none--stage0-selected--s1099057501,failed,local-experiment-c,llama33_local_controlled,unverified-dual,none,1099057501,False,,,null
finevo-pilot-v2.10.1--local-experiment-c--llama33_local_controlled--unverified-dual--none--stage0-selected--s1421875452,failed,local-experiment-c,llama33_local_controlled,unverified-dual,none,1421875452,False,,,null
finevo-pilot-v2.10.1--local-experiment-c--llama33_local_controlled--unverified-dual--none--stage0-selected--s1769977770,failed,local-experiment-c,llama33_local_controlled,unverified-dual,none,1769977770,False,,,null
finevo-pilot-v2.10.1--local-experiment-c--llama33_local_controlled--unverified-dual--none--stage0-selected--s959809858,failed,local-experiment-c,llama33_local_controlled,unverified-dual,none,959809858,False,,,null
finevo-pilot-v2.10.1--local-experiment-c--llama33_local_controlled--unverified-dual--none--stage0-selected--s617806385,failed,local-experiment-c,llama33_local_controlled,unverified-dual,none,617806385,False,,,null
finevo-pilot-v2.10.1--local-experiment-c--llama33_local_controlled--verified-error-candidate--none--stage0-selected--s1099057501,complete,local-experiment-c,llama33_local_controlled,verified-error-candidate,none,1099057501,True,terminal-summary,metrics.rule_reliability.false_rule_ever_active,false
finevo-pilot-v2.10.1--local-experiment-c--llama33_local_controlled--verified-error-candidate--none--stage0-selected--s1099057501,complete,local-experiment-c,llama33_local_controlled,verified-error-candidate,none,1099057501,True,terminal-summary,metrics.rule_reliability.provider_calls,0
finevo-pilot-v2.10.1--local-experiment-c--llama33_local_controlled--verified-error-candidate--none--stage0-selected--s1099057501,complete,local-experiment-c,llama33_local_controlled,verified-error-candidate,none,1099057501,True,terminal-summary,metrics.rule_reliability.same_candidate_content,true
finevo-pilot-v2.10.1--local-experiment-c--llama33_local_controlled--verified-error-candidate--none--stage0-selected--s1099057501,complete,local-experiment-c,llama33_local_controlled,verified-error-candidate,none,1099057501,True,terminal-summary,metrics.rule_reliability.unsupported_candidate_rejected,true
finevo-pilot-v2.10.1--local-experiment-c--llama33_local_controlled--verified-error-candidate--none--stage0-selected--s1099057501,complete,local-experiment-c,llama33_local_controlled,verified-error-candidate,none,1099057501,True,terminal-summary,metrics.rule_reliability.unverified_false_rule_ever_active,true
finevo-pilot-v2.10.1--local-experiment-c--llama33_local_controlled--verified-error-candidate--none--stage0-selected--s1421875452,complete,local-experiment-c,llama33_local_controlled,verified-error-candidate,none,1421875452,True,terminal-summary,metrics.rule_reliability.false_rule_ever_active,false
finevo-pilot-v2.10.1--local-experiment-c--llama33_local_controlled--verified-error-candidate--none--stage0-selected--s1421875452,complete,local-experiment-c,llama33_local_controlled,verified-error-candidate,none,1421875452,True,terminal-summary,metrics.rule_reliability.provider_calls,0
finevo-pilot-v2.10.1--local-experiment-c--llama33_local_controlled--verified-error-candidate--none--stage0-selected--s1421875452,complete,local-experiment-c,llama33_local_controlled,verified-error-candidate,none,1421875452,True,terminal-summary,metrics.rule_reliability.same_candidate_content,true
finevo-pilot-v2.10.1--local-experiment-c--llama33_local_controlled--verified-error-candidate--none--stage0-selected--s1421875452,complete,local-experiment-c,llama33_local_controlled,verified-error-candidate,none,1421875452,True,terminal-summary,metrics.rule_reliability.unsupported_candidate_rejected,true
finevo-pilot-v2.10.1--local-experiment-c--llama33_local_controlled--verified-error-candidate--none--stage0-selected--s1421875452,complete,local-experiment-c,llama33_local_controlled,verified-error-candidate,none,1421875452,True,terminal-summary,metrics.rule_reliability.unverified_false_rule_ever_active,true
finevo-pilot-v2.10.1--local-experiment-c--llama33_local_controlled--verified-error-candidate--none--stage0-selected--s1769977770,complete,local-experiment-c,llama33_local_controlled,verified-error-candidate,none,1769977770,True,terminal-summary,metrics.rule_reliability.false_rule_ever_active,false
finevo-pilot-v2.10.1--local-experiment-c--llama33_local_controlled--verified-error-candidate--none--stage0-selected--s1769977770,complete,local-experiment-c,llama33_local_controlled,verified-error-candidate,none,1769977770,True,terminal-summary,metrics.rule_reliability.provider_calls,0
finevo-pilot-v2.10.1--local-experiment-c--llama33_local_controlled--verified-error-candidate--none--stage0-selected--s1769977770,complete,local-experiment-c,llama33_local_controlled,verified-error-candidate,none,1769977770,True,terminal-summary,metrics.rule_reliability.same_candidate_content,true
finevo-pilot-v2.10.1--local-experiment-c--llama33_local_controlled--verified-error-candidate--none--stage0-selected--s1769977770,complete,local-experiment-c,llama33_local_controlled,verified-error-candidate,none,1769977770,True,terminal-summary,metrics.rule_reliability.unsupported_candidate_rejected,true
finevo-pilot-v2.10.1--local-experiment-c--llama33_local_controlled--verified-error-candidate--none--stage0-selected--s1769977770,complete,local-experiment-c,llama33_local_controlled,verified-error-candidate,none,1769977770,True,terminal-summary,metrics.rule_reliability.unverified_false_rule_ever_active,true
finevo-pilot-v2.10.1--local-experiment-c--llama33_local_controlled--verified-error-candidate--none--stage0-selected--s959809858,complete,local-experiment-c,llama33_local_controlled,verified-error-candidate,none,959809858,True,terminal-summary,metrics.rule_reliability.false_rule_ever_active,false
finevo-pilot-v2.10.1--local-experiment-c--llama33_local_controlled--verified-error-candidate--none--stage0-selected--s959809858,complete,local-experiment-c,llama33_local_controlled,verified-error-candidate,none,959809858,True,terminal-summary,metrics.rule_reliability.provider_calls,0
finevo-pilot-v2.10.1--local-experiment-c--llama33_local_controlled--verified-error-candidate--none--stage0-selected--s959809858,complete,local-experiment-c,llama33_local_controlled,verified-error-candidate,none,959809858,True,terminal-summary,metrics.rule_reliability.same_candidate_content,true
finevo-pilot-v2.10.1--local-experiment-c--llama33_local_controlled--verified-error-candidate--none--stage0-selected--s959809858,complete,local-experiment-c,llama33_local_controlled,verified-error-candidate,none,959809858,True,terminal-summary,metrics.rule_reliability.unsupported_candidate_rejected,true
finevo-pilot-v2.10.1--local-experiment-c--llama33_local_controlled--verified-error-candidate--none--stage0-selected--s959809858,complete,local-experiment-c,llama33_local_controlled,verified-error-candidate,none,959809858,True,terminal-summary,metrics.rule_reliability.unverified_false_rule_ever_active,true
finevo-pilot-v2.10.1--local-experiment-c--llama33_local_controlled--verified-error-candidate--none--stage0-selected--s617806385,complete,local-experiment-c,llama33_local_controlled,verified-error-candidate,none,617806385,True,terminal-summary,metrics.rule_reliability.false_rule_ever_active,false
finevo-pilot-v2.10.1--local-experiment-c--llama33_local_controlled--verified-error-candidate--none--stage0-selected--s617806385,complete,local-experiment-c,llama33_local_controlled,verified-error-candidate,none,617806385,True,terminal-summary,metrics.rule_reliability.provider_calls,0
finevo-pilot-v2.10.1--local-experiment-c--llama33_local_controlled--verified-error-candidate--none--stage0-selected--s617806385,complete,local-experiment-c,llama33_local_controlled,verified-error-candidate,none,617806385,True,terminal-summary,metrics.rule_reliability.same_candidate_content,true
finevo-pilot-v2.10.1--local-experiment-c--llama33_local_controlled--verified-error-candidate--none--stage0-selected--s617806385,complete,local-experiment-c,llama33_local_controlled,verified-error-candidate,none,617806385,True,terminal-summary,metrics.rule_reliability.unsupported_candidate_rejected,true
finevo-pilot-v2.10.1--local-experiment-c--llama33_local_controlled--verified-error-candidate--none--stage0-selected--s617806385,complete,local-experiment-c,llama33_local_controlled,verified-error-candidate,none,617806385,True,terminal-summary,metrics.rule_reliability.unverified_false_rule_ever_active,true
finevo-pilot-v2.10.1--local-experiment-c--llama33_local_controlled--verified-error-forced--none--stage0-selected--s1099057501,failed,local-experiment-c,llama33_local_controlled,verified-error-forced,none,1099057501,False,,,null
finevo-pilot-v2.10.1--local-experiment-c--llama33_local_controlled--verified-error-forced--none--stage0-selected--s1421875452,failed,local-experiment-c,llama33_local_controlled,verified-error-forced,none,1421875452,False,,,null
finevo-pilot-v2.10.1--local-experiment-c--llama33_local_controlled--verified-error-forced--none--stage0-selected--s1769977770,failed,local-experiment-c,llama33_local_controlled,verified-error-forced,none,1769977770,False,,,null
finevo-pilot-v2.10.1--local-experiment-c--llama33_local_controlled--verified-error-forced--none--stage0-selected--s959809858,failed,local-experiment-c,llama33_local_controlled,verified-error-forced,none,959809858,False,,,null
finevo-pilot-v2.10.1--local-experiment-c--llama33_local_controlled--verified-error-forced--none--stage0-selected--s617806385,failed,local-experiment-c,llama33_local_controlled,verified-error-forced,none,617806385,False,,,null
finevo-pilot-v2.10.1--local-experiment-c--llama33_local_controlled--unverified-error-forced--none--stage0-selected--s1099057501,failed,local-experiment-c,llama33_local_controlled,unverified-error-forced,none,1099057501,False,,,null
finevo-pilot-v2.10.1--local-experiment-c--llama33_local_controlled--unverified-error-forced--none--stage0-selected--s1421875452,failed,local-experiment-c,llama33_local_controlled,unverified-error-forced,none,1421875452,False,,,null
finevo-pilot-v2.10.1--local-experiment-c--llama33_local_controlled--unverified-error-forced--none--stage0-selected--s1769977770,failed,local-experiment-c,llama33_local_controlled,unverified-error-forced,none,1769977770,False,,,null
finevo-pilot-v2.10.1--local-experiment-c--llama33_local_controlled--unverified-error-forced--none--stage0-selected--s959809858,failed,local-experiment-c,llama33_local_controlled,unverified-error-forced,none,959809858,False,,,null
finevo-pilot-v2.10.1--local-experiment-c--llama33_local_controlled--unverified-error-forced--none--stage0-selected--s617806385,failed,local-experiment-c,llama33_local_controlled,unverified-error-forced,none,617806385,False,,,null
finevo-pilot-v2.10.1--local-experiment-a--llama33_local_controlled--no-context--none--stage0-selected--s1099057501,failed,local-experiment-a,llama33_local_controlled,no-context,none,1099057501,False,,,null
finevo-pilot-v2.10.1--local-experiment-a--llama33_local_controlled--no-context--none--stage0-selected--s1421875452,failed,local-experiment-a,llama33_local_controlled,no-context,none,1421875452,False,,,null
finevo-pilot-v2.10.1--local-experiment-a--llama33_local_controlled--no-context--none--stage0-selected--s1769977770,failed,local-experiment-a,llama33_local_controlled,no-context,none,1769977770,False,,,null
finevo-pilot-v2.10.1--local-experiment-a--llama33_local_controlled--no-context--none--stage0-selected--s959809858,failed,local-experiment-a,llama33_local_controlled,no-context,none,959809858,False,,,null
finevo-pilot-v2.10.1--local-experiment-a--llama33_local_controlled--no-context--none--stage0-selected--s617806385,failed,local-experiment-a,llama33_local_controlled,no-context,none,617806385,False,,,null
finevo-pilot-v2.10.1--local-experiment-a--llama33_local_controlled--prompt-only--none--stage0-selected--s1099057501,failed,local-experiment-a,llama33_local_controlled,prompt-only,none,1099057501,False,,,null
finevo-pilot-v2.10.1--local-experiment-a--llama33_local_controlled--prompt-only--none--stage0-selected--s1421875452,failed,local-experiment-a,llama33_local_controlled,prompt-only,none,1421875452,False,,,null
finevo-pilot-v2.10.1--local-experiment-a--llama33_local_controlled--prompt-only--none--stage0-selected--s1769977770,failed,local-experiment-a,llama33_local_controlled,prompt-only,none,1769977770,False,,,null
finevo-pilot-v2.10.1--local-experiment-a--llama33_local_controlled--prompt-only--none--stage0-selected--s959809858,failed,local-experiment-a,llama33_local_controlled,prompt-only,none,959809858,False,,,null
finevo-pilot-v2.10.1--local-experiment-a--llama33_local_controlled--prompt-only--none--stage0-selected--s617806385,failed,local-experiment-a,llama33_local_controlled,prompt-only,none,617806385,False,,,null
finevo-pilot-v2.10.1--local-experiment-a--llama33_local_controlled--retrieval-only--none--stage0-selected--s1099057501,failed,local-experiment-a,llama33_local_controlled,retrieval-only,none,1099057501,False,,,null
finevo-pilot-v2.10.1--local-experiment-a--llama33_local_controlled--retrieval-only--none--stage0-selected--s1421875452,failed,local-experiment-a,llama33_local_controlled,retrieval-only,none,1421875452,False,,,null
finevo-pilot-v2.10.1--local-experiment-a--llama33_local_controlled--retrieval-only--none--stage0-selected--s1769977770,failed,local-experiment-a,llama33_local_controlled,retrieval-only,none,1769977770,False,,,null
finevo-pilot-v2.10.1--local-experiment-a--llama33_local_controlled--retrieval-only--none--stage0-selected--s959809858,failed,local-experiment-a,llama33_local_controlled,retrieval-only,none,959809858,False,,,null
finevo-pilot-v2.10.1--local-experiment-a--llama33_local_controlled--retrieval-only--none--stage0-selected--s617806385,failed,local-experiment-a,llama33_local_controlled,retrieval-only,none,617806385,False,,,null
finevo-pilot-v2.10.1--local-experiment-a--llama33_local_controlled--full--none--stage0-selected--s1099057501,failed,local-experiment-a,llama33_local_controlled,full,none,1099057501,False,,,null
finevo-pilot-v2.10.1--local-experiment-a--llama33_local_controlled--full--none--stage0-selected--s1421875452,failed,local-experiment-a,llama33_local_controlled,full,none,1421875452,False,,,null
finevo-pilot-v2.10.1--local-experiment-a--llama33_local_controlled--full--none--stage0-selected--s1769977770,failed,local-experiment-a,llama33_local_controlled,full,none,1769977770,False,,,null
finevo-pilot-v2.10.1--local-experiment-a--llama33_local_controlled--full--none--stage0-selected--s959809858,failed,local-experiment-a,llama33_local_controlled,full,none,959809858,False,,,null
finevo-pilot-v2.10.1--local-experiment-a--llama33_local_controlled--full--none--stage0-selected--s617806385,failed,local-experiment-a,llama33_local_controlled,full,none,617806385,False,,,null
finevo-pilot-v2.10.1--local-experiment-d--llama33_local_controlled--matched-a--none--stage0-selected--s1099057501,failed,local-experiment-d,llama33_local_controlled,matched-a,none,1099057501,False,,,null
finevo-pilot-v2.10.1--local-experiment-d--llama33_local_controlled--matched-a--none--stage0-selected--s1421875452,failed,local-experiment-d,llama33_local_controlled,matched-a,none,1421875452,False,,,null
finevo-pilot-v2.10.1--local-experiment-d--llama33_local_controlled--matched-a--none--stage0-selected--s1769977770,failed,local-experiment-d,llama33_local_controlled,matched-a,none,1769977770,False,,,null
finevo-pilot-v2.10.1--local-experiment-d--llama33_local_controlled--matched-a--none--stage0-selected--s959809858,failed,local-experiment-d,llama33_local_controlled,matched-a,none,959809858,False,,,null
finevo-pilot-v2.10.1--local-experiment-d--llama33_local_controlled--matched-a--none--stage0-selected--s617806385,failed,local-experiment-d,llama33_local_controlled,matched-a,none,617806385,False,,,null
finevo-pilot-v2.10.1--local-experiment-d--llama33_local_controlled--matched-b--none--stage0-selected--s1099057501,failed,local-experiment-d,llama33_local_controlled,matched-b,none,1099057501,False,,,null
finevo-pilot-v2.10.1--local-experiment-d--llama33_local_controlled--matched-b--none--stage0-selected--s1421875452,failed,local-experiment-d,llama33_local_controlled,matched-b,none,1421875452,False,,,null
finevo-pilot-v2.10.1--local-experiment-d--llama33_local_controlled--matched-b--none--stage0-selected--s1769977770,failed,local-experiment-d,llama33_local_controlled,matched-b,none,1769977770,False,,,null
finevo-pilot-v2.10.1--local-experiment-d--llama33_local_controlled--matched-b--none--stage0-selected--s959809858,failed,local-experiment-d,llama33_local_controlled,matched-b,none,959809858,False,,,null
finevo-pilot-v2.10.1--local-experiment-d--llama33_local_controlled--matched-b--none--stage0-selected--s617806385,failed,local-experiment-d,llama33_local_controlled,matched-b,none,617806385,False,,,null
finevo-pilot-v2.10.1--local-experiment-d--llama33_local_controlled--no-memory--none--stage0-selected--s1099057501,failed,local-experiment-d,llama33_local_controlled,no-memory,none,1099057501,False,,,null
finevo-pilot-v2.10.1--local-experiment-d--llama33_local_controlled--no-memory--none--stage0-selected--s1421875452,failed,local-experiment-d,llama33_local_controlled,no-memory,none,1421875452,False,,,null
finevo-pilot-v2.10.1--local-experiment-d--llama33_local_controlled--no-memory--none--stage0-selected--s1769977770,failed,local-experiment-d,llama33_local_controlled,no-memory,none,1769977770,False,,,null
finevo-pilot-v2.10.1--local-experiment-d--llama33_local_controlled--no-memory--none--stage0-selected--s959809858,failed,local-experiment-d,llama33_local_controlled,no-memory,none,959809858,False,,,null
finevo-pilot-v2.10.1--local-experiment-d--llama33_local_controlled--no-memory--none--stage0-selected--s617806385,failed,local-experiment-d,llama33_local_controlled,no-memory,none,617806385,False,,,null
finevo-pilot-v2.10.1--local-experiment-d--llama33_local_controlled--shuffled-episodic--none--stage0-selected--s1099057501,failed,local-experiment-d,llama33_local_controlled,shuffled-episodic,none,1099057501,False,,,null
finevo-pilot-v2.10.1--local-experiment-d--llama33_local_controlled--shuffled-episodic--none--stage0-selected--s1421875452,failed,local-experiment-d,llama33_local_controlled,shuffled-episodic,none,1421875452,False,,,null
finevo-pilot-v2.10.1--local-experiment-d--llama33_local_controlled--shuffled-episodic--none--stage0-selected--s1769977770,failed,local-experiment-d,llama33_local_controlled,shuffled-episodic,none,1769977770,False,,,null
finevo-pilot-v2.10.1--local-experiment-d--llama33_local_controlled--shuffled-episodic--none--stage0-selected--s959809858,failed,local-experiment-d,llama33_local_controlled,shuffled-episodic,none,959809858,False,,,null
finevo-pilot-v2.10.1--local-experiment-d--llama33_local_controlled--shuffled-episodic--none--stage0-selected--s617806385,failed,local-experiment-d,llama33_local_controlled,shuffled-episodic,none,617806385,False,,,null
finevo-pilot-v2.10.1--local-experiment-d--llama33_local_controlled--wrong-context--none--stage0-selected--s1099057501,failed,local-experiment-d,llama33_local_controlled,wrong-context,none,1099057501,False,,,null
finevo-pilot-v2.10.1--local-experiment-d--llama33_local_controlled--wrong-context--none--stage0-selected--s1421875452,failed,local-experiment-d,llama33_local_controlled,wrong-context,none,1421875452,False,,,null
finevo-pilot-v2.10.1--local-experiment-d--llama33_local_controlled--wrong-context--none--stage0-selected--s1769977770,failed,local-experiment-d,llama33_local_controlled,wrong-context,none,1769977770,False,,,null
finevo-pilot-v2.10.1--local-experiment-d--llama33_local_controlled--wrong-context--none--stage0-selected--s959809858,failed,local-experiment-d,llama33_local_controlled,wrong-context,none,959809858,False,,,null
finevo-pilot-v2.10.1--local-experiment-d--llama33_local_controlled--wrong-context--none--stage0-selected--s617806385,failed,local-experiment-d,llama33_local_controlled,wrong-context,none,617806385,False,,,null
finevo-pilot-v2.10.1--local-experiment-d--llama33_local_controlled--error-verified--none--stage0-selected--s1099057501,failed,local-experiment-d,llama33_local_controlled,error-verified,none,1099057501,False,,,null
finevo-pilot-v2.10.1--local-experiment-d--llama33_local_controlled--error-verified--none--stage0-selected--s1421875452,failed,local-experiment-d,llama33_local_controlled,error-verified,none,1421875452,False,,,null
finevo-pilot-v2.10.1--local-experiment-d--llama33_local_controlled--error-verified--none--stage0-selected--s1769977770,failed,local-experiment-d,llama33_local_controlled,error-verified,none,1769977770,False,,,null
finevo-pilot-v2.10.1--local-experiment-d--llama33_local_controlled--error-verified--none--stage0-selected--s959809858,failed,local-experiment-d,llama33_local_controlled,error-verified,none,959809858,False,,,null
finevo-pilot-v2.10.1--local-experiment-d--llama33_local_controlled--error-verified--none--stage0-selected--s617806385,failed,local-experiment-d,llama33_local_controlled,error-verified,none,617806385,False,,,null
finevo-pilot-v2.10.1--local-experiment-d--llama33_local_controlled--error-unverified--none--stage0-selected--s1099057501,failed,local-experiment-d,llama33_local_controlled,error-unverified,none,1099057501,False,,,null
finevo-pilot-v2.10.1--local-experiment-d--llama33_local_controlled--error-unverified--none--stage0-selected--s1421875452,failed,local-experiment-d,llama33_local_controlled,error-unverified,none,1421875452,False,,,null
finevo-pilot-v2.10.1--local-experiment-d--llama33_local_controlled--error-unverified--none--stage0-selected--s1769977770,failed,local-experiment-d,llama33_local_controlled,error-unverified,none,1769977770,False,,,null
finevo-pilot-v2.10.1--local-experiment-d--llama33_local_controlled--error-unverified--none--stage0-selected--s959809858,failed,local-experiment-d,llama33_local_controlled,error-unverified,none,959809858,False,,,null
finevo-pilot-v2.10.1--local-experiment-d--llama33_local_controlled--error-unverified--none--stage0-selected--s617806385,failed,local-experiment-d,llama33_local_controlled,error-unverified,none,617806385,False,,,null
finevo-pilot-v2.10.1--local-experiment-b--llama33_local_controlled--no-memory--none--stage0-selected--s1099057501,failed,local-experiment-b,llama33_local_controlled,no-memory,none,1099057501,False,,,null
finevo-pilot-v2.10.1--local-experiment-b--llama33_local_controlled--no-memory--none--stage0-selected--s1421875452,failed,local-experiment-b,llama33_local_controlled,no-memory,none,1421875452,False,,,null
finevo-pilot-v2.10.1--local-experiment-b--llama33_local_controlled--no-memory--none--stage0-selected--s1769977770,failed,local-experiment-b,llama33_local_controlled,no-memory,none,1769977770,False,,,null
finevo-pilot-v2.10.1--local-experiment-b--llama33_local_controlled--no-memory--none--stage0-selected--s959809858,failed,local-experiment-b,llama33_local_controlled,no-memory,none,959809858,False,,,null
finevo-pilot-v2.10.1--local-experiment-b--llama33_local_controlled--no-memory--none--stage0-selected--s617806385,failed,local-experiment-b,llama33_local_controlled,no-memory,none,617806385,False,,,null
finevo-pilot-v2.10.1--local-experiment-b--llama33_local_controlled--episodic-only--none--stage0-selected--s1099057501,failed,local-experiment-b,llama33_local_controlled,episodic-only,none,1099057501,False,,,null
finevo-pilot-v2.10.1--local-experiment-b--llama33_local_controlled--episodic-only--none--stage0-selected--s1421875452,failed,local-experiment-b,llama33_local_controlled,episodic-only,none,1421875452,False,,,null
finevo-pilot-v2.10.1--local-experiment-b--llama33_local_controlled--episodic-only--none--stage0-selected--s1769977770,failed,local-experiment-b,llama33_local_controlled,episodic-only,none,1769977770,False,,,null
finevo-pilot-v2.10.1--local-experiment-b--llama33_local_controlled--episodic-only--none--stage0-selected--s959809858,failed,local-experiment-b,llama33_local_controlled,episodic-only,none,959809858,False,,,null
finevo-pilot-v2.10.1--local-experiment-b--llama33_local_controlled--episodic-only--none--stage0-selected--s617806385,failed,local-experiment-b,llama33_local_controlled,episodic-only,none,617806385,False,,,null
finevo-pilot-v2.10.1--local-experiment-b--llama33_local_controlled--semantic-only--none--stage0-selected--s1099057501,failed,local-experiment-b,llama33_local_controlled,semantic-only,none,1099057501,False,,,null
finevo-pilot-v2.10.1--local-experiment-b--llama33_local_controlled--semantic-only--none--stage0-selected--s1421875452,failed,local-experiment-b,llama33_local_controlled,semantic-only,none,1421875452,False,,,null
finevo-pilot-v2.10.1--local-experiment-b--llama33_local_controlled--semantic-only--none--stage0-selected--s1769977770,failed,local-experiment-b,llama33_local_controlled,semantic-only,none,1769977770,False,,,null
finevo-pilot-v2.10.1--local-experiment-b--llama33_local_controlled--semantic-only--none--stage0-selected--s959809858,failed,local-experiment-b,llama33_local_controlled,semantic-only,none,959809858,False,,,null
finevo-pilot-v2.10.1--local-experiment-b--llama33_local_controlled--semantic-only--none--stage0-selected--s617806385,failed,local-experiment-b,llama33_local_controlled,semantic-only,none,617806385,False,,,null
finevo-pilot-v2.10.1--local-experiment-b--llama33_local_controlled--unverified-dual--none--stage0-selected--s1099057501,failed,local-experiment-b,llama33_local_controlled,unverified-dual,none,1099057501,False,,,null
finevo-pilot-v2.10.1--local-experiment-b--llama33_local_controlled--unverified-dual--none--stage0-selected--s1421875452,failed,local-experiment-b,llama33_local_controlled,unverified-dual,none,1421875452,False,,,null
finevo-pilot-v2.10.1--local-experiment-b--llama33_local_controlled--unverified-dual--none--stage0-selected--s1769977770,failed,local-experiment-b,llama33_local_controlled,unverified-dual,none,1769977770,False,,,null
finevo-pilot-v2.10.1--local-experiment-b--llama33_local_controlled--unverified-dual--none--stage0-selected--s959809858,failed,local-experiment-b,llama33_local_controlled,unverified-dual,none,959809858,False,,,null
finevo-pilot-v2.10.1--local-experiment-b--llama33_local_controlled--unverified-dual--none--stage0-selected--s617806385,failed,local-experiment-b,llama33_local_controlled,unverified-dual,none,617806385,False,,,null
finevo-pilot-v2.10.1--local-experiment-b--llama33_local_controlled--full--none--stage0-selected--s1099057501,failed,local-experiment-b,llama33_local_controlled,full,none,1099057501,False,,,null
finevo-pilot-v2.10.1--local-experiment-b--llama33_local_controlled--full--none--stage0-selected--s1421875452,failed,local-experiment-b,llama33_local_controlled,full,none,1421875452,False,,,null
finevo-pilot-v2.10.1--local-experiment-b--llama33_local_controlled--full--none--stage0-selected--s1769977770,failed,local-experiment-b,llama33_local_controlled,full,none,1769977770,False,,,null
finevo-pilot-v2.10.1--local-experiment-b--llama33_local_controlled--full--none--stage0-selected--s959809858,failed,local-experiment-b,llama33_local_controlled,full,none,959809858,False,,,null
finevo-pilot-v2.10.1--local-experiment-b--llama33_local_controlled--full--none--stage0-selected--s617806385,failed,local-experiment-b,llama33_local_controlled,full,none,617806385,False,,,null
finevo-pilot-v2.10.1--experiment-c--gpt52_main--full--none--stage0-selected--s1099057501,failed,experiment-c,gpt52_main,full,none,1099057501,False,,,null
finevo-pilot-v2.10.1--experiment-c--gpt52_main--full--none--stage0-selected--s1421875452,failed,experiment-c,gpt52_main,full,none,1421875452,False,,,null
finevo-pilot-v2.10.1--experiment-c--gpt52_main--full--none--stage0-selected--s1769977770,failed,experiment-c,gpt52_main,full,none,1769977770,False,,,null
finevo-pilot-v2.10.1--experiment-c--gpt52_main--full--none--stage0-selected--s959809858,failed,experiment-c,gpt52_main,full,none,959809858,False,,,null
finevo-pilot-v2.10.1--experiment-c--gpt52_main--full--none--stage0-selected--s617806385,failed,experiment-c,gpt52_main,full,none,617806385,False,,,null
finevo-pilot-v2.10.1--experiment-c--gpt52_main--unverified-dual--none--stage0-selected--s1099057501,failed,experiment-c,gpt52_main,unverified-dual,none,1099057501,False,,,null
finevo-pilot-v2.10.1--experiment-c--gpt52_main--unverified-dual--none--stage0-selected--s1421875452,failed,experiment-c,gpt52_main,unverified-dual,none,1421875452,False,,,null
finevo-pilot-v2.10.1--experiment-c--gpt52_main--unverified-dual--none--stage0-selected--s1769977770,failed,experiment-c,gpt52_main,unverified-dual,none,1769977770,False,,,null
finevo-pilot-v2.10.1--experiment-c--gpt52_main--unverified-dual--none--stage0-selected--s959809858,failed,experiment-c,gpt52_main,unverified-dual,none,959809858,False,,,null
finevo-pilot-v2.10.1--experiment-c--gpt52_main--unverified-dual--none--stage0-selected--s617806385,failed,experiment-c,gpt52_main,unverified-dual,none,617806385,False,,,null
finevo-pilot-v2.10.1--experiment-c--gpt52_main--verified-error-candidate--none--stage0-selected--s1099057501,complete,experiment-c,gpt52_main,verified-error-candidate,none,1099057501,True,terminal-summary,metrics.rule_reliability.false_rule_ever_active,false
finevo-pilot-v2.10.1--experiment-c--gpt52_main--verified-error-candidate--none--stage0-selected--s1099057501,complete,experiment-c,gpt52_main,verified-error-candidate,none,1099057501,True,terminal-summary,metrics.rule_reliability.provider_calls,0
finevo-pilot-v2.10.1--experiment-c--gpt52_main--verified-error-candidate--none--stage0-selected--s1099057501,complete,experiment-c,gpt52_main,verified-error-candidate,none,1099057501,True,terminal-summary,metrics.rule_reliability.same_candidate_content,true
finevo-pilot-v2.10.1--experiment-c--gpt52_main--verified-error-candidate--none--stage0-selected--s1099057501,complete,experiment-c,gpt52_main,verified-error-candidate,none,1099057501,True,terminal-summary,metrics.rule_reliability.unsupported_candidate_rejected,true
finevo-pilot-v2.10.1--experiment-c--gpt52_main--verified-error-candidate--none--stage0-selected--s1099057501,complete,experiment-c,gpt52_main,verified-error-candidate,none,1099057501,True,terminal-summary,metrics.rule_reliability.unverified_false_rule_ever_active,true
finevo-pilot-v2.10.1--experiment-c--gpt52_main--verified-error-candidate--none--stage0-selected--s1421875452,complete,experiment-c,gpt52_main,verified-error-candidate,none,1421875452,True,terminal-summary,metrics.rule_reliability.false_rule_ever_active,false
finevo-pilot-v2.10.1--experiment-c--gpt52_main--verified-error-candidate--none--stage0-selected--s1421875452,complete,experiment-c,gpt52_main,verified-error-candidate,none,1421875452,True,terminal-summary,metrics.rule_reliability.provider_calls,0
finevo-pilot-v2.10.1--experiment-c--gpt52_main--verified-error-candidate--none--stage0-selected--s1421875452,complete,experiment-c,gpt52_main,verified-error-candidate,none,1421875452,True,terminal-summary,metrics.rule_reliability.same_candidate_content,true
finevo-pilot-v2.10.1--experiment-c--gpt52_main--verified-error-candidate--none--stage0-selected--s1421875452,complete,experiment-c,gpt52_main,verified-error-candidate,none,1421875452,True,terminal-summary,metrics.rule_reliability.unsupported_candidate_rejected,true
finevo-pilot-v2.10.1--experiment-c--gpt52_main--verified-error-candidate--none--stage0-selected--s1421875452,complete,experiment-c,gpt52_main,verified-error-candidate,none,1421875452,True,terminal-summary,metrics.rule_reliability.unverified_false_rule_ever_active,true
finevo-pilot-v2.10.1--experiment-c--gpt52_main--verified-error-candidate--none--stage0-selected--s1769977770,complete,experiment-c,gpt52_main,verified-error-candidate,none,1769977770,True,terminal-summary,metrics.rule_reliability.false_rule_ever_active,false
finevo-pilot-v2.10.1--experiment-c--gpt52_main--verified-error-candidate--none--stage0-selected--s1769977770,complete,experiment-c,gpt52_main,verified-error-candidate,none,1769977770,True,terminal-summary,metrics.rule_reliability.provider_calls,0
finevo-pilot-v2.10.1--experiment-c--gpt52_main--verified-error-candidate--none--stage0-selected--s1769977770,complete,experiment-c,gpt52_main,verified-error-candidate,none,1769977770,True,terminal-summary,metrics.rule_reliability.same_candidate_content,true
finevo-pilot-v2.10.1--experiment-c--gpt52_main--verified-error-candidate--none--stage0-selected--s1769977770,complete,experiment-c,gpt52_main,verified-error-candidate,none,1769977770,True,terminal-summary,metrics.rule_reliability.unsupported_candidate_rejected,true
finevo-pilot-v2.10.1--experiment-c--gpt52_main--verified-error-candidate--none--stage0-selected--s1769977770,complete,experiment-c,gpt52_main,verified-error-candidate,none,1769977770,True,terminal-summary,metrics.rule_reliability.unverified_false_rule_ever_active,true
finevo-pilot-v2.10.1--experiment-c--gpt52_main--verified-error-candidate--none--stage0-selected--s959809858,complete,experiment-c,gpt52_main,verified-error-candidate,none,959809858,True,terminal-summary,metrics.rule_reliability.false_rule_ever_active,false
finevo-pilot-v2.10.1--experiment-c--gpt52_main--verified-error-candidate--none--stage0-selected--s959809858,complete,experiment-c,gpt52_main,verified-error-candidate,none,959809858,True,terminal-summary,metrics.rule_reliability.provider_calls,0
finevo-pilot-v2.10.1--experiment-c--gpt52_main--verified-error-candidate--none--stage0-selected--s959809858,complete,experiment-c,gpt52_main,verified-error-candidate,none,959809858,True,terminal-summary,metrics.rule_reliability.same_candidate_content,true
finevo-pilot-v2.10.1--experiment-c--gpt52_main--verified-error-candidate--none--stage0-selected--s959809858,complete,experiment-c,gpt52_main,verified-error-candidate,none,959809858,True,terminal-summary,metrics.rule_reliability.unsupported_candidate_rejected,true
finevo-pilot-v2.10.1--experiment-c--gpt52_main--verified-error-candidate--none--stage0-selected--s959809858,complete,experiment-c,gpt52_main,verified-error-candidate,none,959809858,True,terminal-summary,metrics.rule_reliability.unverified_false_rule_ever_active,true
finevo-pilot-v2.10.1--experiment-c--gpt52_main--verified-error-candidate--none--stage0-selected--s617806385,complete,experiment-c,gpt52_main,verified-error-candidate,none,617806385,True,terminal-summary,metrics.rule_reliability.false_rule_ever_active,false
finevo-pilot-v2.10.1--experiment-c--gpt52_main--verified-error-candidate--none--stage0-selected--s617806385,complete,experiment-c,gpt52_main,verified-error-candidate,none,617806385,True,terminal-summary,metrics.rule_reliability.provider_calls,0
finevo-pilot-v2.10.1--experiment-c--gpt52_main--verified-error-candidate--none--stage0-selected--s617806385,complete,experiment-c,gpt52_main,verified-error-candidate,none,617806385,True,terminal-summary,metrics.rule_reliability.same_candidate_content,true
finevo-pilot-v2.10.1--experiment-c--gpt52_main--verified-error-candidate--none--stage0-selected--s617806385,complete,experiment-c,gpt52_main,verified-error-candidate,none,617806385,True,terminal-summary,metrics.rule_reliability.unsupported_candidate_rejected,true
finevo-pilot-v2.10.1--experiment-c--gpt52_main--verified-error-candidate--none--stage0-selected--s617806385,complete,experiment-c,gpt52_main,verified-error-candidate,none,617806385,True,terminal-summary,metrics.rule_reliability.unverified_false_rule_ever_active,true
finevo-pilot-v2.10.1--experiment-c--gpt52_main--verified-error-forced--none--stage0-selected--s1099057501,failed,experiment-c,gpt52_main,verified-error-forced,none,1099057501,False,,,null
finevo-pilot-v2.10.1--experiment-c--gpt52_main--verified-error-forced--none--stage0-selected--s1421875452,failed,experiment-c,gpt52_main,verified-error-forced,none,1421875452,False,,,null
finevo-pilot-v2.10.1--experiment-c--gpt52_main--verified-error-forced--none--stage0-selected--s1769977770,failed,experiment-c,gpt52_main,verified-error-forced,none,1769977770,False,,,null
finevo-pilot-v2.10.1--experiment-c--gpt52_main--verified-error-forced--none--stage0-selected--s959809858,failed,experiment-c,gpt52_main,verified-error-forced,none,959809858,False,,,null
finevo-pilot-v2.10.1--experiment-c--gpt52_main--verified-error-forced--none--stage0-selected--s617806385,failed,experiment-c,gpt52_main,verified-error-forced,none,617806385,False,,,null
finevo-pilot-v2.10.1--experiment-c--gpt52_main--unverified-error-forced--none--stage0-selected--s1099057501,failed,experiment-c,gpt52_main,unverified-error-forced,none,1099057501,False,,,null
finevo-pilot-v2.10.1--experiment-c--gpt52_main--unverified-error-forced--none--stage0-selected--s1421875452,failed,experiment-c,gpt52_main,unverified-error-forced,none,1421875452,False,,,null
finevo-pilot-v2.10.1--experiment-c--gpt52_main--unverified-error-forced--none--stage0-selected--s1769977770,failed,experiment-c,gpt52_main,unverified-error-forced,none,1769977770,False,,,null
finevo-pilot-v2.10.1--experiment-c--gpt52_main--unverified-error-forced--none--stage0-selected--s959809858,failed,experiment-c,gpt52_main,unverified-error-forced,none,959809858,False,,,null
finevo-pilot-v2.10.1--experiment-c--gpt52_main--unverified-error-forced--none--stage0-selected--s617806385,failed,experiment-c,gpt52_main,unverified-error-forced,none,617806385,False,,,null
finevo-pilot-v2.10.1--experiment-a--gpt52_main--no-context--none--stage0-selected--s1099057501,failed,experiment-a,gpt52_main,no-context,none,1099057501,False,,,null
finevo-pilot-v2.10.1--experiment-a--gpt52_main--no-context--none--stage0-selected--s1421875452,failed,experiment-a,gpt52_main,no-context,none,1421875452,False,,,null
finevo-pilot-v2.10.1--experiment-a--gpt52_main--no-context--none--stage0-selected--s1769977770,failed,experiment-a,gpt52_main,no-context,none,1769977770,False,,,null
finevo-pilot-v2.10.1--experiment-a--gpt52_main--no-context--none--stage0-selected--s959809858,failed,experiment-a,gpt52_main,no-context,none,959809858,False,,,null
finevo-pilot-v2.10.1--experiment-a--gpt52_main--no-context--none--stage0-selected--s617806385,failed,experiment-a,gpt52_main,no-context,none,617806385,False,,,null
finevo-pilot-v2.10.1--experiment-a--gpt52_main--prompt-only--none--stage0-selected--s1099057501,failed,experiment-a,gpt52_main,prompt-only,none,1099057501,False,,,null
finevo-pilot-v2.10.1--experiment-a--gpt52_main--prompt-only--none--stage0-selected--s1421875452,failed,experiment-a,gpt52_main,prompt-only,none,1421875452,False,,,null
finevo-pilot-v2.10.1--experiment-a--gpt52_main--prompt-only--none--stage0-selected--s1769977770,failed,experiment-a,gpt52_main,prompt-only,none,1769977770,False,,,null
finevo-pilot-v2.10.1--experiment-a--gpt52_main--prompt-only--none--stage0-selected--s959809858,failed,experiment-a,gpt52_main,prompt-only,none,959809858,False,,,null
finevo-pilot-v2.10.1--experiment-a--gpt52_main--prompt-only--none--stage0-selected--s617806385,failed,experiment-a,gpt52_main,prompt-only,none,617806385,False,,,null
finevo-pilot-v2.10.1--experiment-a--gpt52_main--retrieval-only--none--stage0-selected--s1099057501,failed,experiment-a,gpt52_main,retrieval-only,none,1099057501,False,,,null
finevo-pilot-v2.10.1--experiment-a--gpt52_main--retrieval-only--none--stage0-selected--s1421875452,failed,experiment-a,gpt52_main,retrieval-only,none,1421875452,False,,,null
finevo-pilot-v2.10.1--experiment-a--gpt52_main--retrieval-only--none--stage0-selected--s1769977770,failed,experiment-a,gpt52_main,retrieval-only,none,1769977770,False,,,null
finevo-pilot-v2.10.1--experiment-a--gpt52_main--retrieval-only--none--stage0-selected--s959809858,failed,experiment-a,gpt52_main,retrieval-only,none,959809858,False,,,null
finevo-pilot-v2.10.1--experiment-a--gpt52_main--retrieval-only--none--stage0-selected--s617806385,failed,experiment-a,gpt52_main,retrieval-only,none,617806385,False,,,null
finevo-pilot-v2.10.1--experiment-a--gpt52_main--full--none--stage0-selected--s1099057501,failed,experiment-a,gpt52_main,full,none,1099057501,False,,,null
finevo-pilot-v2.10.1--experiment-a--gpt52_main--full--none--stage0-selected--s1421875452,failed,experiment-a,gpt52_main,full,none,1421875452,False,,,null
finevo-pilot-v2.10.1--experiment-a--gpt52_main--full--none--stage0-selected--s1769977770,failed,experiment-a,gpt52_main,full,none,1769977770,False,,,null
finevo-pilot-v2.10.1--experiment-a--gpt52_main--full--none--stage0-selected--s959809858,failed,experiment-a,gpt52_main,full,none,959809858,False,,,null
finevo-pilot-v2.10.1--experiment-a--gpt52_main--full--none--stage0-selected--s617806385,failed,experiment-a,gpt52_main,full,none,617806385,False,,,null
finevo-pilot-v2.10.1--experiment-d--gpt52_main--matched-a--none--stage0-selected--s1099057501,failed,experiment-d,gpt52_main,matched-a,none,1099057501,False,,,null
finevo-pilot-v2.10.1--experiment-d--gpt52_main--matched-a--none--stage0-selected--s1421875452,failed,experiment-d,gpt52_main,matched-a,none,1421875452,False,,,null
finevo-pilot-v2.10.1--experiment-d--gpt52_main--matched-a--none--stage0-selected--s1769977770,failed,experiment-d,gpt52_main,matched-a,none,1769977770,False,,,null
finevo-pilot-v2.10.1--experiment-d--gpt52_main--matched-a--none--stage0-selected--s959809858,failed,experiment-d,gpt52_main,matched-a,none,959809858,False,,,null
finevo-pilot-v2.10.1--experiment-d--gpt52_main--matched-a--none--stage0-selected--s617806385,failed,experiment-d,gpt52_main,matched-a,none,617806385,False,,,null
finevo-pilot-v2.10.1--experiment-d--gpt52_main--matched-b--none--stage0-selected--s1099057501,failed,experiment-d,gpt52_main,matched-b,none,1099057501,False,,,null
finevo-pilot-v2.10.1--experiment-d--gpt52_main--matched-b--none--stage0-selected--s1421875452,failed,experiment-d,gpt52_main,matched-b,none,1421875452,False,,,null
finevo-pilot-v2.10.1--experiment-d--gpt52_main--matched-b--none--stage0-selected--s1769977770,failed,experiment-d,gpt52_main,matched-b,none,1769977770,False,,,null
finevo-pilot-v2.10.1--experiment-d--gpt52_main--matched-b--none--stage0-selected--s959809858,failed,experiment-d,gpt52_main,matched-b,none,959809858,False,,,null
finevo-pilot-v2.10.1--experiment-d--gpt52_main--matched-b--none--stage0-selected--s617806385,failed,experiment-d,gpt52_main,matched-b,none,617806385,False,,,null
finevo-pilot-v2.10.1--experiment-d--gpt52_main--no-memory--none--stage0-selected--s1099057501,failed,experiment-d,gpt52_main,no-memory,none,1099057501,False,,,null
finevo-pilot-v2.10.1--experiment-d--gpt52_main--no-memory--none--stage0-selected--s1421875452,failed,experiment-d,gpt52_main,no-memory,none,1421875452,False,,,null
finevo-pilot-v2.10.1--experiment-d--gpt52_main--no-memory--none--stage0-selected--s1769977770,failed,experiment-d,gpt52_main,no-memory,none,1769977770,False,,,null
finevo-pilot-v2.10.1--experiment-d--gpt52_main--no-memory--none--stage0-selected--s959809858,failed,experiment-d,gpt52_main,no-memory,none,959809858,False,,,null
finevo-pilot-v2.10.1--experiment-d--gpt52_main--no-memory--none--stage0-selected--s617806385,failed,experiment-d,gpt52_main,no-memory,none,617806385,False,,,null
finevo-pilot-v2.10.1--experiment-d--gpt52_main--wrong-context--none--stage0-selected--s1099057501,failed,experiment-d,gpt52_main,wrong-context,none,1099057501,False,,,null
finevo-pilot-v2.10.1--experiment-d--gpt52_main--wrong-context--none--stage0-selected--s1421875452,failed,experiment-d,gpt52_main,wrong-context,none,1421875452,False,,,null
finevo-pilot-v2.10.1--experiment-d--gpt52_main--wrong-context--none--stage0-selected--s1769977770,failed,experiment-d,gpt52_main,wrong-context,none,1769977770,False,,,null
finevo-pilot-v2.10.1--experiment-d--gpt52_main--wrong-context--none--stage0-selected--s959809858,failed,experiment-d,gpt52_main,wrong-context,none,959809858,False,,,null
finevo-pilot-v2.10.1--experiment-d--gpt52_main--wrong-context--none--stage0-selected--s617806385,failed,experiment-d,gpt52_main,wrong-context,none,617806385,False,,,null
finevo-pilot-v2.10.1--experiment-d--gpt52_main--error-verified--none--stage0-selected--s1099057501,failed,experiment-d,gpt52_main,error-verified,none,1099057501,False,,,null
finevo-pilot-v2.10.1--experiment-d--gpt52_main--error-verified--none--stage0-selected--s1421875452,failed,experiment-d,gpt52_main,error-verified,none,1421875452,False,,,null
finevo-pilot-v2.10.1--experiment-d--gpt52_main--error-verified--none--stage0-selected--s1769977770,failed,experiment-d,gpt52_main,error-verified,none,1769977770,False,,,null
finevo-pilot-v2.10.1--experiment-d--gpt52_main--error-verified--none--stage0-selected--s959809858,failed,experiment-d,gpt52_main,error-verified,none,959809858,False,,,null
finevo-pilot-v2.10.1--experiment-d--gpt52_main--error-verified--none--stage0-selected--s617806385,failed,experiment-d,gpt52_main,error-verified,none,617806385,False,,,null
finevo-pilot-v2.10.1--experiment-d--gpt52_main--error-unverified--none--stage0-selected--s1099057501,failed,experiment-d,gpt52_main,error-unverified,none,1099057501,False,,,null
finevo-pilot-v2.10.1--experiment-d--gpt52_main--error-unverified--none--stage0-selected--s1421875452,failed,experiment-d,gpt52_main,error-unverified,none,1421875452,False,,,null
finevo-pilot-v2.10.1--experiment-d--gpt52_main--error-unverified--none--stage0-selected--s1769977770,failed,experiment-d,gpt52_main,error-unverified,none,1769977770,False,,,null
finevo-pilot-v2.10.1--experiment-d--gpt52_main--error-unverified--none--stage0-selected--s959809858,failed,experiment-d,gpt52_main,error-unverified,none,959809858,False,,,null
finevo-pilot-v2.10.1--experiment-d--gpt52_main--error-unverified--none--stage0-selected--s617806385,failed,experiment-d,gpt52_main,error-unverified,none,617806385,False,,,null
finevo-pilot-v2.10.1--experiment-b--gpt52_main--full--none--stage0-selected--s1099057501,failed,experiment-b,gpt52_main,full,none,1099057501,False,,,null
finevo-pilot-v2.10.1--experiment-b--gpt52_main--full--none--stage0-selected--s1421875452,failed,experiment-b,gpt52_main,full,none,1421875452,False,,,null
finevo-pilot-v2.10.1--experiment-b--gpt52_main--full--none--stage0-selected--s1769977770,failed,experiment-b,gpt52_main,full,none,1769977770,False,,,null
finevo-pilot-v2.10.1--experiment-b--gpt52_main--full--none--stage0-selected--s959809858,failed,experiment-b,gpt52_main,full,none,959809858,False,,,null
finevo-pilot-v2.10.1--experiment-b--gpt52_main--full--none--stage0-selected--s617806385,failed,experiment-b,gpt52_main,full,none,617806385,False,,,null
finevo-pilot-v2.10.1--experiment-b--gpt52_main--episodic-only--none--stage0-selected--s1099057501,failed,experiment-b,gpt52_main,episodic-only,none,1099057501,False,,,null
finevo-pilot-v2.10.1--experiment-b--gpt52_main--episodic-only--none--stage0-selected--s1421875452,failed,experiment-b,gpt52_main,episodic-only,none,1421875452,False,,,null
finevo-pilot-v2.10.1--experiment-b--gpt52_main--episodic-only--none--stage0-selected--s1769977770,failed,experiment-b,gpt52_main,episodic-only,none,1769977770,False,,,null
finevo-pilot-v2.10.1--experiment-b--gpt52_main--episodic-only--none--stage0-selected--s959809858,failed,experiment-b,gpt52_main,episodic-only,none,959809858,False,,,null
finevo-pilot-v2.10.1--experiment-b--gpt52_main--episodic-only--none--stage0-selected--s617806385,failed,experiment-b,gpt52_main,episodic-only,none,617806385,False,,,null
finevo-pilot-v2.10.1--experiment-b--gpt52_main--no-memory--none--stage0-selected--s1099057501,failed,experiment-b,gpt52_main,no-memory,none,1099057501,False,,,null
finevo-pilot-v2.10.1--experiment-b--gpt52_main--no-memory--none--stage0-selected--s1421875452,failed,experiment-b,gpt52_main,no-memory,none,1421875452,False,,,null
finevo-pilot-v2.10.1--experiment-b--gpt52_main--no-memory--none--stage0-selected--s1769977770,failed,experiment-b,gpt52_main,no-memory,none,1769977770,False,,,null
finevo-pilot-v2.10.1--experiment-b--gpt52_main--no-memory--none--stage0-selected--s959809858,failed,experiment-b,gpt52_main,no-memory,none,959809858,False,,,null
finevo-pilot-v2.10.1--experiment-b--gpt52_main--no-memory--none--stage0-selected--s617806385,failed,experiment-b,gpt52_main,no-memory,none,617806385,False,,,null
